,LSTM,f.arima,f.arch,f.lm,f.gam
1,-0.009461542170986726,0.0249973408447528,0.0249973408447528,0.0249973408447528,0.0249973408447528
2,-0.009461542170986726,0.0042617801753907,0.0047282694589513,0.0003600139939847,0.0003600139939847
3,-0.019213553574079372,0.0030276018923894,0.0033840731631476,0.0003190284834254,0.0003190284834254
4,0.00774786126341016,0.0017619901687538,0.0021280217420834,0.00016527377117,0.00016527377117
5,-0.010950070411946762,0.0050328035571165,0.0056272362790607,0.0003564654184586,0.0003564654184586
6,0.0026583246803282288,0.0029753685884116,0.0032506081805999,0.0002979041145049,0.0002979041145049
7,0.02831798776425226,0.0044714758009658,0.0049376726829628,0.000418991700892,0.000418991700892
8,0.023468534341794484,0.0037449832806692,0.0040776345209404,0.0004428956549533,0.0004428956549533
9,0.022690697436944778,0.0055229309709159,0.0059271249026937,0.0006549583125703,0.0006549583125703
10,0.016252602397293075,0.0044428524934466,0.0046442931325008,0.0007224760491156,0.0007224760491156
11,0.024696275458389386,0.0041512952837095,0.0043734861524301,0.0007676061450739,0.0007676061450739
12,0.006153296884705608,0.0050678508093771,0.0054034337887109,0.0009128640151328,0.0009128640151328
13,0.011853970066716018,0.0025533750122898,0.002849518930481,0.0007974689258482,0.0007974689258482
14,0.019385978656813563,0.0041231607278306,0.0046293881293046,0.0008784667349351,0.0008784667349351
15,0.032612617557680836,0.0045733577309814,0.0049292150615353,0.000975981506115,0.000975981506115
16,0.03961505876902139,0.006476933396544,0.0068056832991891,0.0012476782992578,0.0012476782992578
17,0.0282241160364066,0.0059500789352602,0.0060144993751204,0.0014153719980979,0.0014153719980979
18,0.025039107048238165,0.0046560848841944,0.0046650869842831,0.0014592138430335,0.0014592138430335
19,0.03341138338335777,0.0044894406328822,0.0048039710149794,0.001522974062342,0.001522974062342
20,0.05129187537734677,0.0065551134934773,0.0070130411084761,0.001779840182413,0.001779840182413
21,0.007432257294070291,0.0086820391507629,0.0090509293224833,0.0021580431891977,0.0021580431891977
22,0.00773809372931857,-0.0010806768172274,-0.0007843051410133,0.001600562216221,0.001600562216221
23,0.022772844104816503,0.0059369068718271,0.0072121161548381,0.0020270793428307,0.0020270793428307
24,-0.022094181147670703,0.0069287584017819,0.0034061243873945,0.0018625974561378,0.0018625974561378
25,-0.024932196184147798,0.0006610934734609,0.0009765542910885,0.0014725647815492,0.0014725647815492
26,-0.005449124164674999,0.0024529623243178,0.0035286350667405,0.0014046919617758,0.0014046919617758
27,0.031059312380919687,0.0038105401989077,0.0047912694578046,0.001478463538443,0.001478463538443
28,0.005050898240886913,0.0069661821142043,0.0079617497439982,0.0018939641596037,0.0018939641596037
29,-0.016733984494492666,0.0021986008525849,0.0020365849326558,0.0016150734605504,0.0016150734605504
30,-0.0013140358627012553,0.0029783279317902,0.0036077231897089,0.0015331596468779,0.0015331596468779
31,-0.005703524867924569,0.0041927580160932,0.0049263694931062,0.0016212907405858,0.0016212907405858
32,0.021134771830762518,0.0042099841833622,0.0047951183951162,0.00169567192892,0.00169567192892
33,0.014024093868483807,0.0058404716933969,0.0065063604509731,0.0019678139715542,0.0019678139715542
34,0.005999054627806905,0.0044232571043584,0.004885832845244,0.0020428373634525,0.0020428373634525
35,-0.014006321394861713,0.0027239554628437,0.0029237887048019,0.0018817505643394,0.0018817505643394
36,-0.005116598637141526,0.0018914993683755,0.0020706221810838,0.0016320165825132,0.0016320165825132
37,0.0017643081497503103,0.0046001051230286,0.0055730533285301,0.0017752949392095,0.0017752949392095
38,-0.04354073094267976,0.0027812805325431,0.0029680422700569,0.0016289749669365,0.0016289749669365
39,-0.006401893520128611,0.0006129974324429,0.0003713355905785,0.0012115782378142,0.0012115782378142
40,-0.029398858994634666,0.0051293594693269,0.0065591513908592,0.0014620486366674,0.0014620486366674
41,-0.029703737152705398,0.0008832115407165,2.31741188915432e-05,0.0009297077909752,0.0009297077909752
42,0.006370519036044874,0.0038196766535649,0.0047101522228154,0.0010343568151125,0.0010343568151125
43,-0.0030049190061823593,0.0052746830666998,0.0070251623761024,0.0014085744802982,0.0014085744802982
44,0.021914997731979295,0.0033901677331349,0.0034250371829652,0.0013618119419715,0.0013618119419715
45,-0.008646038662419052,0.0039332851599729,0.0047753234248083,0.0014356826082923,0.0014356826082923
46,-0.011576585851391022,0.0032934654586179,0.0034986210914682,0.0013628034719374,0.0013628034719374
47,-0.028171250366550365,0.0031275830762639,0.0033294150291542,0.0012579116956053,0.0012579116956053
48,-0.021969205169554338,0.0026934862622185,0.0025842086672767,0.0010711014119641,0.0010711014119641
49,-0.0005275722110854998,0.0033514406535692,0.003837593150423,0.0010343059616947,0.0010343059616947
50,-0.007054502379167627,0.0036619163825774,0.0043000015185505,0.0010658311352803,0.0010658311352803
51,-0.005812988384708093,0.0034249038226071,0.0038370876311553,0.0010468218979816,0.0010468218979816
52,-0.006337404576033163,0.0027712795067299,0.0027064447776215,0.0008931878320909,0.0008931878320909
53,-0.00902591780935534,0.0035439153581291,0.004207091020477,0.0009073511339058,0.0009073511339058
54,-0.00048691276030327134,0.0033768040244846,0.003780028942998,0.0008875519031676,0.0008875519031676
55,0.009689330712705928,0.0035957407223434,0.0042148330929099,0.0009143515109022,0.0009143515109022
56,0.016355184656520628,0.0043809332614422,0.0055852716190428,0.001102125492566,0.001102125492566
57,0.012902388523052722,0.0040763604343444,0.0048830337350342,0.0012145708608136,0.0012145708608136
58,0.01724275476099221,0.0037208189875085,0.0042991278100337,0.0012500663260153,0.0012500663260153
59,0.017491230178530208,0.0040277713067806,0.0048942474204288,0.0013433815823505,0.0013433815823505
60,0.030666363790455932,0.003821906918043,0.0044684811914961,0.0013919654139132,0.0013919654139132
61,0.01984154126705196,0.0050491238113537,0.0065810702778621,0.0016603971797715,0.0016603971797715
62,0.019194248102855034,0.0030857290142113,0.0030088022636425,0.0015471595749282,0.0015471595749282
63,0.021764571014062224,0.0043698336185709,0.0055018915472683,0.0017001918299062,0.0017001918299062
64,0.01094322998535859,0.0036649659851296,0.0041406345470823,0.0017012719145121,0.0017012719145121
65,-0.0050397782689856445,0.0034070141308577,0.0037278229095816,0.0016473114959386,0.0016473114959386
66,-0.001292831469133588,0.0027120763093602,0.0025085847202742,0.0014551990122513,0.0014551990122513
67,0.0023640370186506694,0.0040101093386054,0.0049078417513099,0.0015404310967921,0.0015404310967921
68,-0.013209524415754475,0.0032986467973358,0.0035305211745389,0.001472142559118,0.001472142559118
69,-0.03249852956283203,0.0027212225109159,0.0025581057292851,0.0012887205185011,0.0012887205185011
70,-0.014025882067888688,0.0017807314312699,0.0013042709846272,0.0009894808020546,0.0009894808020546
71,-0.008905750232248232,0.0039338233713433,0.00498720172619,0.0010876344242476,0.0010876344242476
72,-0.011606626827246358,0.0035566116030101,0.0040759878683138,0.0010998105277141,0.0010998105277141
73,-0.012822256989320348,0.0031902771341396,0.0034558708290112,0.0010389398232202,0.0010389398232202
74,0.0075245817120405374,0.0036348812896639,0.0042880763709128,0.0010681232840358,0.0010681232840358
75,0.0024472363023186018,0.0045583146464763,0.0058964366124375,0.001276257825903,0.001276257825903
76,-0.02468683469150048,0.0032226646906788,0.0033908673847521,0.0012137961924455,0.0012137961924455
77,-0.026170164969373338,0.002354918682586,0.001991036678765,0.0009866970285875,0.0009866970285875
78,0.021449017449184603,0.003399075112115,0.0040103909167078,0.0009719935771873,0.0009719935771873
79,-0.008367683521419653,0.0039791977295713,0.004893700282699,0.0010716478050525,0.0010716478050525
80,-0.005222895900551106,0.002962274568277,0.0029607125328185,0.000969730860261,0.000969730860261
81,0.0037684109469145657,0.0034042275875638,0.0039634417358585,0.0009582952276117,0.0009582952276117
82,0.0010041952870825975,0.0038334823415303,0.0046439071637864,0.0010323931818372,0.0010323931818372
83,-0.015526818245674449,0.0030869864083276,0.0032116183245106,0.0009567623470159,0.0009567623470159
84,-0.01987627076593,0.0025523256190125,0.0024155944729016,0.0007835326278838,0.0007835326278838
85,-0.011489820311486935,0.0028929874356899,0.0031459123528792,0.0006871011559906,0.0006871011559906
86,-0.005539676502670965,0.0035378734143183,0.0042418698815121,0.0007159137944437,0.0007159137944437
87,0.005444022738509074,0.0033901234022887,0.0038542661518762,0.0007171339733781,0.0007171339733781
88,0.021741506036403794,0.003691450017808,0.0044474835430875,0.0007743345169404,0.0007743345169404
89,0.019535249266308907,0.0046292086814042,0.0060685894825464,0.0009989610800221,0.0009989610800221
90,0.009266340508927082,0.0038644021349847,0.0044674271000109,0.0010737974576245,0.0010737974576245
91,0.0025682748323917694,0.0033477662635378,0.0037029420477026,0.0010525741708321,0.0010525741708321
92,-0.0057447262506815895,0.0034062306858623,0.0038952962108608,0.0010420445947045,0.0010420445947045
93,0.0014365267494035664,0.0029027343812854,0.0029643778892763,0.0009435212196411,0.0009435212196411
94,0.002926845601223176,0.0037328173584778,0.0045817218316313,0.0009957284382232,0.0009957284382232
95,0.000918343273894699,0.003240201188197,0.0035086659632791,0.0009593319147276,0.0009593319147276
96,-0.0034692410083949424,0.003209466741637,0.0035768396003294,0.0009187062089431,0.0009187062089431
97,0.0005726257193767489,0.0029540162368548,0.0031105412282974,0.0008354248774257,0.0008354248774257
98,0.008855206454715513,0.0034814626871613,0.0041294119847084,0.0008487146927887,0.0008487146927887
99,0.0018353227834632094,0.0038910613985001,0.0047655387536264,0.000934541280421,0.000934541280421
100,-0.0013325088981338202,0.0032643175903114,0.0035440644894934,0.0009068938893068,0.0009068938893068
101,-0.0030005019174305075,0.0033683987350979,0.0038778392078211,0.0008980852111686,0.0008980852111686
102,-0.005179353114542041,0.0032677361904897,0.0036576832693183,0.0008723447608586,0.0008723447608586
103,-0.00998179262698863,0.0032726511564608,0.0036973074447729,0.0008487495654958,0.0008487495654958
104,-0.01238707277588788,0.0032034181165857,0.0035704758849885,0.0008143888765305,0.0008143888765305
105,0.021122157976522508,0.0032794754386577,0.0037307658516916,0.0007950675288206,0.0007950675288206
106,-0.00464051055475489,0.0035809384183096,0.0042717947764063,0.0008296547233601,0.0008296547233601
107,-0.005966488233856496,0.0031376771945964,0.0033913919661931,0.0007857758839159,0.0007857758839159
108,-0.002719499144811813,0.0029398449433856,0.0031369280071768,0.000709374585418,0.000709374585418
109,-0.010220253949387203,0.0034295141007729,0.0040801188963805,0.0007213815163349,0.0007213815163349
110,-0.04165357644065044,0.0025923629450149,0.0024252714476939,0.0005881583905826,0.0005881583905826
111,-0.031815013256999376,0.0005896915590563,-0.0009656685606958,0.0001602479666272,0.0001602479666272
112,-0.03562196998908384,0.0028556200782668,0.003619088473883,0.0001029882888793,0.0001029882888793
113,-0.018182530536070638,0.0019929293625664,0.0017184561994193,-6.3792500021702e-05,-6.3792500021702e-05
114,-0.015008988644414183,0.003407456601409,0.0044425322764628,-7.65764436027726e-06,-7.65764436027726e-06
115,-0.018841970212761235,0.0032397569756331,0.0036958356317556,2.61531331181841e-07,2.61531331181841e-07
116,-0.002726444693667662,0.0026288134438311,0.0027177238168175,-7.89247146175884e-05,-7.89247146175884e-05
117,-0.008135834911730764,0.0038693061881592,0.0049511207224892,2.72924012837414e-05,2.72924012837414e-05
118,-0.0066589963184618345,0.003231039546111,0.0035765403356688,2.8064931016706e-05,2.8064931016706e-05
119,-0.016060550847779964,0.0033017794668488,0.003904524874212,4.77269751836228e-05,4.77269751836228e-05
120,-0.012930133550483652,0.0026891352300584,0.002856550176564,-2.03393627473299e-05,-2.03393627473299e-05
121,-0.00041208476958692956,0.0028061328754439,0.0032318710537676,-6.10071461100096e-05,-6.10071461100096e-05
122,-0.015361837988658037,0.0030221747180293,0.0035626072792565,-6.99672767127081e-05,-6.99672767127081e-05
123,0.012457978716318941,0.0022599940281083,0.0021239207595482,-0.0001972154240333,-0.0001972154240333
124,0.003093341264965063,0.0040992484452207,0.0054294636017788,-4.7389757637622e-05,-4.7389757637622e-05
125,0.019668132709075897,0.0031197222913491,0.0033365795627732,-6.24971944353575e-05,-6.24971944353575e-05
126,0.011855536377901576,0.0042596844863831,0.0055437740337143,0.0001048916339378,0.0001048916339378
127,-0.0075880017958240755,0.0032324825467493,0.0035113194994675,9.8589439833827e-05,9.8589439833827e-05
128,0.0002473539388492787,0.002249828146674,0.0021329007747168,-3.84819266286834e-05,-3.84819266286834e-05
129,-0.0028852248077826004,0.0031629461922047,0.0038584807771896,-2.75992484363129e-05,-2.75992484363129e-05
130,0.0026228827785178266,0.0030215141059185,0.0034378237090902,-4.35130654925925e-05,-4.35130654925925e-05
131,-0.006186940145557373,0.0032782956394291,0.0039183865088928,-1.91887494787801e-05,-1.91887494787801e-05
132,-0.007601089397230518,0.0025622290373784,0.0026322864818849,-0.0001058532232927,-0.0001058532232927
133,0.004191598774326688,0.0025410631860622,0.0028167559206752,-0.0001803981211628,-0.0001803981211628
134,-0.00820974541140124,0.0032180163525667,0.0039547833251179,-0.0001527997112243,-0.0001527997112243
135,-0.004977028776321038,0.0027039949151629,0.002890856330044,-0.0002116524519195,-0.0002116524519195
136,-0.0010396165093688942,0.0030189763040731,0.0035898025809896,-0.00021415335973,-0.00021415335973
137,-0.0031962573116268776,0.0038457679730109,0.0048940779294425,-9.92622168987569e-05,-9.92622168987569e-05
138,-0.010488729744037311,0.0031133781624304,0.0034069049839278,-0.0001082615632021,-0.0001082615632021
139,-0.03480020701570239,0.002527320963526,0.0025889688860924,-0.0001973371332715,-0.0001973371332715
140,-0.014796816710429895,0.0013206709021941,0.0006593741907081,-0.0004464526240134,-0.0004464526240134
141,0.07438552344520487,0.0027526579259878,0.0034278022821044,-0.0004687304469314,-0.0004687304469314
142,0.0390265888743742,0.006848963587306,0.0101513945929802,0.0001097938739919,0.0001097938739919
143,0.03360013593803967,0.0049760988155408,0.0054742474029947,0.0003438972989623,0.0003438972989623
144,0.011692218593793297,0.0040427104521631,0.0047456838587778,0.0004479785009979,0.0004479785009979
145,0.015475621540129448,0.0021653485586283,0.0019170831733769,0.0003195593614542,0.0003195593614542
146,0.00041462846363504296,0.003814252460306,0.0047937373312585,0.0003947450173592,0.0003947450173592
147,-0.005001075720687826,0.0023587735026486,0.0022287136289976,0.000288865469879,0.000288865469879
148,0.004117700546781099,0.0030943910971748,0.0036371296950801,0.0002764058806336,0.0002764058806336
149,0.009567866692549117,0.0034520717816298,0.0040413960279752,0.0003103499754243,0.0003103499754243
150,0.009025793177901614,0.0032791897354258,0.0037336882714257,0.0003223426720115,0.0003223426720115
151,0.014065896703110986,0.0028520907146327,0.0031074599632837,0.0002806058162692,0.0002806058162692
152,0.00034983502117444544,0.0037721387323142,0.0046023785173343,0.0003545878129122,0.0003545878129122
153,-0.0005414165797359619,0.0028208569689448,0.0029657251138678,0.0003085604790984,0.0003085604790984
154,-0.007836657623293575,0.0032358080956324,0.0037895488283076,0.0003148039437133,0.0003148039437133
155,-0.018478123465822643,0.002720728893525,0.0029028964511645,0.0002570298661458,0.0002570298661458
156,-0.012337962052687753,0.0017846135195476,0.0015539765835838,8.60159197312305e-05,8.60159197312305e-05
157,-0.00021220706809126896,0.0032298585974998,0.0039434255962148,9.75345115415398e-05,9.75345115415398e-05
158,-0.013895604547494353,0.0037987538826705,0.0045674564568254,0.0001813423078282,0.0001813423078282
159,-0.008995451226805881,0.0021116402325402,0.0018753495418976,5.33806134650223e-05,5.33806134650223e-05
160,-0.011107573430983075,0.0033401818291834,0.0041020894958095,8.10249828783974e-05,8.10249828783974e-05
161,-0.010345607953996945,0.0029443753572056,0.0032258942600078,6.01167445624792e-05,6.01167445624792e-05
162,0.009355015232599422,0.0026563484893116,0.0028876708369567,3.394281494205e-06,3.394281494205e-06
163,-0.009798092821109865,0.0024921329290435,0.0026748624202488,-7.16985324901095e-05,-7.16985324901095e-05
164,-0.006742501067449837,0.0031167548160268,0.0036732877497566,-6.67457736048772e-05,-6.67457736048772e-05
165,-0.01846733712993071,0.0030958975815927,0.0035258934902548,-6.33681852496171e-05,-6.33681852496171e-05
166,-0.010659738548363456,0.0019577634937213,0.0017741610388433,-0.0002011189830606,-0.0002011189830606
167,-0.009598255268253763,0.0028172403028808,0.0033266324715367,-0.0002292240925432,-0.0002292240925432
168,-0.02930289444274314,0.0028516515042711,0.0031968673009546,-0.0002505563166442,-0.0002505563166442
169,-0.028663299741720785,0.0013594075628928,0.0008941953799142,-0.0004524671950578,-0.0004524671950578
170,-0.015321120164133426,0.0016645886043069,0.0016675692750777,-0.0006055302792279,-0.0006055302792279
171,-0.03454980856237514,0.0030523715182642,0.0037279596571015,-0.0005918722225004,-0.0005918722225004
172,-0.0032842814179094328,0.0012167325789467,0.0006606755544626,-0.0007904119412659,-0.0007904119412659
173,-0.00844328192795231,0.0037749659830292,0.0049123087246674,-0.0006838369464417,-0.0006838369464417
174,0.013496943916829597,0.0029836727085281,0.0032834222359957,-0.0006717107577089,-0.0006717107577089
175,-0.006272152230362759,0.0043257725527951,0.005449972565984,-0.0005041183437938,-0.0005041183437938
176,0.013498076435304601,0.0025408770710293,0.0025773337839756,-0.0005503786543959,-0.0005503786543959
177,-0.00836410624958042,0.0041156698032666,0.0052024663217151,-0.0004049355676092,-0.0004049355676092
178,-0.012420455901788119,0.0022948297287398,0.0021318970924739,-0.0004969394535255,-0.0004969394535255
179,-0.006747670875487162,0.0023001887561135,0.0025360171757792,-0.0005708709434984,-0.0005708709434984
180,-0.0010929194688660572,0.0024997402250934,0.0028044205568741,-0.0006176319092534,-0.0006176319092534
181,-0.005190277821725514,0.0028033281624558,0.0032249684540895,-0.000627533454468,-0.000627533454468
182,0.01482208339966844,0.0024637832446838,0.0026590689548355,-0.0006797354673964,-0.0006797354673964
183,0.012587712132333706,0.0036241105933286,0.0044783300383574,-0.0005878985121104,-0.0005878985121104
184,0.006512552122013226,0.0034943806547076,0.0040444640935055,-0.0005227027671831,-0.0005227027671831
185,0.0022490707361669587,0.0027671229614375,0.0029900692946918,-0.000545808807858,-0.000545808807858
186,-0.006465161326612446,0.002943971937912,0.0034025033168553,-0.0005419774626914,-0.0005419774626914
187,-0.01038774489887257,0.0021956261460075,0.0022265610843297,-0.0006290548053384,-0.0006290548053384
188,-0.0052245411415383315,0.0023703108664207,0.0026520680472309,-0.00068656429375,-0.00068656429375
189,-0.004622894469732885,0.0027451994693411,0.0031712310405953,-0.000698933897984,-0.000698933897984
190,-0.010763703450773663,0.0027828535703549,0.0031582008772132,-0.000708808848691,-0.000708808848691
191,-0.014709118354672195,0.0030813697382115,0.0036106976703313,-0.0006831646782726,-0.0006831646782726
192,-0.004296838786211905,0.0021350673860837,0.0021148615245476,-0.0007722607607963,-0.0007722607607963
193,0.010933666556712598,0.002952202870839,0.0035548372148055,-0.000755194009192,-0.000755194009192
194,-0.02484565714608608,0.0019069266088981,0.0017956126774094,-0.0008680714156018,-0.0008680714156018
195,0.031248559545439394,0.0015949589843447,0.0015716804250554,-0.0010017489376617,-0.0010017489376617
196,-0.006339675540385677,0.0054505643403314,0.007404490881002,-0.0006642479188163,-0.0006642479188163
197,0.003904798314152661,0.0023518062230571,0.0021854380331262,-0.0007293218745111,-0.0007293218745111
198,-0.0018626549661158026,0.0029693953871607,0.0035437134871513,-0.0007145549238219,-0.0007145549238219
199,0.02081875179106214,0.0026616610357958,0.0029667660629036,-0.0007400283560661,-0.0007400283560661
200,-0.0024908584026084525,0.0041178975001919,0.0052313190921799,-0.0005701011919233,-0.0005701011919233
201,-0.0034070428805480064,0.002229092019467,0.0021880571386362,-0.0006594222635734,-0.0006594222635734
202,-0.0011714184123326713,0.0026080455300167,0.0029897099994105,-0.0006956641770239,-0.0006956641770239
203,8.305135322286781e-05,0.0026354375055381,0.0029708252225478,-0.0007259533351297,-0.0007259533351297
204,0.0035787980090635184,0.0028273320872602,0.0032679928485678,-0.0007287685467716,-0.0007287685467716
205,0.005294533760344401,0.002985648303332,0.0034898591736057,-0.0007094585177024,-0.0007094585177024
206,0.0016489648407520367,0.0030117167602749,0.0035144228088349,-0.000686868367615,-0.000686868367615
207,-0.006745554511550192,0.0031051533162294,0.003656125367276,-0.0006522022676291,-0.0006522022676291
208,-0.004976859234116997,0.0022816447736538,0.0023855857765365,-0.0007303682650041,-0.0007303682650041
209,-0.003884980247651365,0.0026430836383273,0.0030401281303962,-0.0007574679395757,-0.0007574679395757
210,-0.020683923751819693,0.0028299684554469,0.0032786335615504,-0.0007575581196854,-0.0007575581196854
211,0.014560835556505548,0.0020102549710604,0.0020060330484982,-0.0008677166337727,-0.0008677166337727
212,-0.0005569913900232087,0.0040833254366412,0.0052775473047307,-0.0006891155723733,-0.0006891155723733
213,-0.0019137207512300593,0.0028733237256794,0.0031736937577214,-0.0006830239229432,-0.0006830239229432
214,0.0455402252135464,0.0028290028537876,0.003266516660364,-0.0006849977575241,-0.0006849977575241
215,0.031120250651671774,0.0041210864601304,0.005219099100102,-0.0005057511497769,-0.0005057511497769
216,0.008453376085511707,0.0041360301435123,0.005057740710971,-0.0003372301200832,-0.0003372301200832
217,-0.005618731104847772,0.0025163957512306,0.0025990461605916,-0.0003910712038741,-0.0003910712038741
218,0.01823131155483527,0.0021975647531477,0.00233440653522,-0.0004871922383821,-0.0004871922383821
219,0.0014873497946247952,0.0039877228655235,0.0050969227266107,-0.0003370117093296,-0.0003370117093296
220,0.008580807599447071,0.0024158988890412,0.002421083880261,-0.0004067883514653,-0.0004067883514653
221,0.004382740597238142,0.0033231602120583,0.0040613619541518,-0.0003485691155757,-0.0003485691155757
222,0.03482607338145747,0.0026906419321627,0.0029494329160807,-0.000380407556874,-0.000380407556874
223,0.02024497030988521,0.0049429046793384,0.0064215269520494,-8.66506724733086e-05,-8.66506724733086e-05
224,0.0071205543176326574,0.0028615337350571,0.0030235368935487,-0.0001020063510695,-0.0001020063510695
225,0.01091884924095075,0.0027165441785897,0.0030684569659317,-0.0001408505746575,-0.0001408505746575
226,0.006048985029279585,0.0033947582586771,0.0040769521663446,-7.8712948042267e-05,-7.8712948042267e-05
227,-0.003363042126381876,0.0029737384300929,0.0033566306728995,-7.96496411687147e-05,-7.96496411687147e-05
228,-0.004051907706252779,0.0024325235247153,0.0026137874700697,-0.0001604052550854,-0.0001604052550854
229,0.0005713718014845188,0.0027366212545675,0.0031427908027331,-0.0001938198130756,-0.0001938198130756
230,0.001330359433015885,0.0031696766630055,0.0037451836733453,-0.0001621900929807,-0.0001621900929807
231,-0.012475424935204055,0.0027620871993196,0.0030764914936976,-0.0001904165498056,-0.0001904165498056
232,-0.0020297535606913107,0.0022169590653378,0.0023243963445408,-0.0002966676410982,-0.0002966676410982
233,-0.010369710008928305,0.003004679399382,0.0035877263348498,-0.0002854632581239,-0.0002854632581239
234,0.004241922354847886,0.0026230660998077,0.0028904222480325,-0.0003286291020441,-0.0003286291020441
235,0.011239290609441222,0.0035791430160554,0.0043971938680992,-0.0002311650126161,-0.0002311650126161
236,0.02195535117316768,0.0037048437087395,0.0044346538002384,-0.000119589305808,-0.000119589305808
237,0.009886885447870105,0.0042070919432235,0.0051868555445588,5.41320705682172e-05,5.41320705682172e-05
238,0.012432951660223799,0.0026951374900315,0.0028373077751288,1.26283332317415e-05,1.26283332317415e-05
239,0.003293731972110543,0.0035088769254456,0.0042590922195027,8.52755135937206e-05,8.52755135937206e-05
240,0.002424119405730371,0.0025667052845787,0.0027314887386434,2.29012081816408e-05,2.29012081816408e-05
241,0.0023873401321811917,0.003069744621792,0.0036054836620437,3.33161366422117e-05,3.33161366422117e-05
242,0.00044518053536514565,0.0028050141558027,0.0031432052656367,6.53378198819596e-06,6.53378198819596e-06
243,0.0022036362928283277,0.0025811986906688,0.002844616603097,-5.10794854262234e-05,-5.10794854262234e-05
244,0.019113528704013897,0.0029399082690351,0.0034098040527011,-5.58275474614768e-05,-5.58275474614768e-05
245,0.016761071038297683,0.0040551449790017,0.0050448059643206,9.84627536362477e-05,9.84627536362477e-05
246,0.010092109998964817,0.0032937350695269,0.0037551700552529,0.0001404989877228,0.0001404989877228
247,0.006768525093981269,0.0030974777353466,0.0035654542252798,0.0001524692587915,0.0001524692587915
248,0.013997149294990852,0.0032123005213309,0.0037537533206532,0.0001799309683541,0.0001799309683541
249,-0.0011583541265796158,0.0035766078350444,0.0042876108918604,0.0002574054292854,0.0002574054292854
250,0.01038597021358703,0.0023133434235933,0.0023358390680736,0.0001550531929068,0.0001550531929068
251,0.012975372509321693,0.0039261089355283,0.0049161171133523,0.0002866136491965,0.0002866136491965
252,0.005326258401812608,0.0031716682986549,0.0035770773435244,0.0003058132070017,0.0003058132070017
253,0.007609321680047401,0.0027754275047248,0.0030908129563416,0.0002658570701798,0.0002658570701798
254,-0.005565212849197709,0.0032774582885048,0.0038848631922141,0.0002998666016321,0.0002998666016321
255,-0.005843856647689919,0.0020351567603506,0.0019610632112808,0.0001515098130264,0.0001515098130264
256,-0.009448086900550049,0.0030580327299376,0.0036447417053481,0.0001572145834048,0.0001572145834048
257,0.006780883562376096,0.0024638934449481,0.0026312641611245,7.71586075661379e-05,7.71586075661379e-05
258,-0.009377719700890411,0.0039988050451109,0.0049791766401081,0.0002286877095438,0.0002286877095438
259,-0.013570501240489034,0.0018687669293677,0.0016859121492831,4.34482033696282e-05,4.34482033696282e-05
260,-0.001551873749583936,0.0029640258812643,0.003490548258938,3.93104375601798e-05,3.93104375601798e-05
261,-0.008538632515341897,0.0031326103926644,0.0036395093501966,6.41498334941681e-05,6.41498334941681e-05
262,0.0023895948503248185,0.0028959160510517,0.0032844683023499,5.04507017516261e-05,5.04507017516261e-05
263,-0.00840092899371171,0.0036009602566441,0.0043424091009257,0.0001505037815869,0.0001505037815869
264,-0.022578594757896687,0.0023418632250635,0.0024331035744482,4.21447166796436e-05,4.21447166796436e-05
265,-0.03141867470048797,0.0022201196002972,0.002379651517271,-7.88821516947216e-05,-7.88821516947216e-05
266,0.00821371999611872,0.001738258891085,0.0016733018470587,-0.000261455366889,-0.000261455366889
267,-0.01500547238282708,0.0029203023150537,0.0034449923590681,-0.0002587488110865,-0.0002587488110865
268,-0.021840812096968337,0.002643049131289,0.0029582955026032,-0.0002960994986732,-0.0002960994986732
269,0.006602563122731003,0.0024233701288412,0.0026571884977127,-0.0003647908482307,-0.0003647908482307
270,0.0015120470274259212,0.0037543069026819,0.004637100205241,-0.0002288107081982,-0.0002288107081982
271,-0.008527991568500239,0.0028595928678899,0.0032246392223804,-0.0002330576364563,-0.0002330576364563
272,-0.00771943136783657,0.0024996345458185,0.0027621563433527,-0.0002932944597503,-0.0002932944597503
273,0.0024905571108928925,0.0028635402646998,0.0033243948632397,-0.0002957646697055,-0.0002957646697055
274,0.0053388267720446735,0.0035720349877662,0.0043375175170995,-0.0001891088354729,-0.0001891088354729
275,-0.007213021245534577,0.0030673708808541,0.0035296647875292,-0.0001627440317839,-0.0001627440317839
276,-0.03223383449105585,0.0022981026427049,0.0024433137244684,-0.0002553131927101,-0.0002553131927101
277,-0.01896584861764816,0.0007294325843671,0.000198214421683,-0.0005624092300157,-0.0005624092300157
278,-0.013664247479608324,0.0024907600289139,0.0029654562950732,-0.0006078597424419,-0.0006078597424419
279,-0.0067265339771593585,0.0026287836937203,0.0030042636249993,-0.0006296773775384,-0.0006296773775384
280,-0.17090797130007981,0.0029012813207043,0.0034087350569525,-0.0006127741713409,-0.0006127741713409
281,0.026595786588562344,-0.0058492891650464,-0.0062749378577088,-0.0018403127032774,-0.0018403127032774
282,-0.10126138571279172,0.0014594659906534,0.0064376877982756,-0.0013374807150531,-0.0013374807150531
283,-0.018649881930736825,0.0084699190252704,-0.0035327724731941,-0.0015859907347429,-0.0015859907347429
284,-0.07783971745482914,-0.0040413658699847,-0.0020793406673991,-0.0014774947511566,-0.0014774947511566
285,0.0030269289129645945,0.0117788283948673,0.0042759218155609,-0.0016669842486145,-0.0016669842486145
286,-0.024344224185013443,-0.0080087340274269,-0.0016779564932036,-0.0014630389272184,-0.0014630389272184
287,0.048746555764427164,0.0102323597241907,0.0056975216639516,-0.0014342244108958,-0.0014342244108958
288,-0.021004734468075967,-0.0108242251660047,-0.0070721936304814,-0.0009847443182884,-0.0009847443182884
289,-0.0062356132331764635,0.0137213565902753,0.0110060787292271,-0.0009717517080674,-0.0009717517080674
290,-0.037284327359320996,-0.0063364850401105,-0.003237448346156,-0.0009927026284894,-0.0009927026284894
291,0.07867594119228571,0.0129280945782443,0.0106014073237558,-0.0011794632349583,-0.0011794632349583
292,0.016335398135682636,-0.011755964031826,-0.0084516362363375,-0.0008198709265572,-0.0008198709265572
293,0.01771527456563159,0.0133860122558659,0.0108419361169078,-0.0006959426837512,-0.0006959426837512
294,0.021722878665565156,-0.005814470719189,-0.003088548071334,-0.0007311923197138,-0.0007311923197138
295,-0.004945236568169436,0.0098918011906502,0.0076264745578302,-0.0007041836276597,-0.0007041836276597
296,0.001753250951836677,-0.0001788262938446,0.0011363817003936,-0.0008877445237312,-0.0008877445237312
297,-0.025108874929213727,0.0061092005661371,0.0048687800552038,-0.0009430221836267,-0.0009430221836267
298,0.03106633336377031,0.0022215398181694,0.0029986315001853,-0.001130871973768,-0.001130871973768
299,-0.0012315683858354957,-0.0003463072147794,0.0004530720183549,-0.0008608032492086,-0.0008608032492086
300,0.017192740416582454,0.0051449475237148,0.0048352227311899,-0.0008526144996307,-0.0008526144996307
301,0.018312161561473656,-0.0003393874924123,0.0005146469658463,-0.0007479142466807,-0.0007479142466807
302,-0.001208983910539795,0.0044246517584354,0.0043281099226903,-0.0006787343900274,-0.0006787343900274
303,0.008980521466034399,0.0017125773640484,0.0021185578832459,-0.0007123949304412,-0.0007123949304412
304,-0.0060399047012924265,0.0030880996439158,0.0031976743318366,-0.0006562843014197,-0.0006562843014197
305,0.033563260128615956,0.0029738486909744,0.0031072401217141,-0.0007016322993833,-0.0007016322993833
306,0.006884737013787556,0.0001462910714249,0.0009465063134793,-0.0004487196281665,-0.0004487196281665
307,0.017652510243504522,0.0055881726896608,0.0051515784435845,-0.0005098079265804,-0.0005098079265804
308,0.011806738577777396,-8.85450862619739e-05,0.0007689534179409,-0.0004455294531167,-0.0004455294531167
309,-0.017728402735040696,0.0055384041836793,0.0050862208809909,-0.0004788022079627,-0.0004788022079627
310,0.00011877656679992246,0.0024123642276136,0.0027404519495158,-0.0006586488645127,-0.0006586488645127
311,-0.005345431799581901,0.0029805443587556,0.0030899577199544,-0.0006536981442209,-0.0006536981442209
312,-0.007623848494426773,0.0025476260826312,0.0027903840754101,-0.0006463833983412,-0.0006463833983412
313,-0.002006787345815971,0.0032489865529649,0.0033001189490795,-0.0006750718688844,-0.0006750718688844
314,-0.02021056145715376,0.0023497259155053,0.0026400277547986,-0.0006718861554402,-0.0006718861554402
315,0.025835914952272276,0.0042134497102018,0.0040324339376001,-0.0007850644965524,-0.0007850644965524
316,-0.009269112888609689,-0.0006673057405379,0.000318761706655,-0.0005635246436652,-0.0005635246436652
317,0.009540185714510218,0.0059506606464361,0.0053999634721613,-0.0005999852400461,-0.0005999852400461
318,-0.010195237902030026,-0.0007244090500846,0.0002387656567851,-0.0005062925499589,-0.0005062925499589
319,-0.021590909895520413,0.0062675558285108,0.0056856338215046,-0.0005638639082294,-0.0005638639082294
320,-0.006573574642171277,0.0012894044237028,0.001853372661085,-0.0006905693797254,-0.0006905693797254
321,0.036093941186561174,0.0038828159398788,0.0037832654040231,-0.0006882325703295,-0.0006882325703295
322,0.02391427949341414,0.0006127691498296,0.0013008290034426,-0.0005681959072607,-0.0005681959072607
323,0.011792125161436833,0.0032141379878499,0.0031615634167632,-0.0004243464766644,-0.0004243464766644
324,0.008820416340644208,0.0025298393316228,0.0028055222680025,-0.0004160158046848,-0.0004160158046848
325,0.01484216046064345,0.0029174420888406,0.003053138186162,-0.0004025325721305,-0.0004025325721305
326,0.007072647080698103,0.0021806138133175,0.0025326439777513,-0.0003462361106055,-0.0003462361106055
327,0.004239396301614062,0.0030617273479978,0.0031619930585204,-0.0003141340499451,-0.0003141340499451
328,0.04809571517690814,0.0027766461561031,0.0030224930932426,-0.0003277296599776,-0.0003277296599776
329,0.021955082691879436,-0.0011020999144504,1.66251918016017e-05,6.14639044417102e-05,6.14639044417102e-05
330,0.022070960368511947,0.0067668793209666,0.0060467220444659,5.89704026630802e-06,5.89704026630802e-06
331,0.02004697829865073,-0.000839196533796,0.0002278326896017,6.98490300783212e-05,6.98490300783212e-05
332,0.010676203287064938,0.0054549411543173,0.0050253572715097,0.000116192779278,0.000116192779278
333,0.005106252273537363,0.0012398686949114,0.0018647759774219,8.822058036908e-05,8.822058036908e-05
334,0.008429412759720277,0.0044623215022422,0.0042102393654835,7.76272544018037e-05,7.76272544018037e-05
335,0.013773754090516134,0.0012775041299898,0.0019051778943502,0.0001221124861583,0.0001221124861583
336,0.03783326893292675,0.003807408366024,0.0037749739709081,0.0001639701421251,0.0001639701421251
337,0.020091307265306235,-0.0005082858509695,0.0004970767971502,0.0004310548267102,0.0004310548267102
338,0.002988927221269651,0.0064653934839564,0.0058709865375838,0.0003718349453478,0.0003718349453478
339,-0.02910432548022733,0.0012423168811029,0.0018479814580187,0.0002771346188181,0.0002771346188181
340,-0.019661734449320997,0.0069771232256038,0.0062769881207701,2.9762718205345e-05,2.9762718205345e-05
341,-0.008001897354626773,0.0001921484249348,0.0009927100172832,-2.14300995530856e-05,-2.14300995530856e-05
342,0.009885230704386119,0.0044200081338671,0.0042438409647957,4.26370758927408e-05,4.26370758927408e-05
343,0.025968951751900386,-1.36261545545871e-06,0.0008622737491251,0.0002045408770891,0.0002045408770891
344,0.004027146853020181,0.0038829139386641,0.0037498557614143,0.0003550011258086,0.0003550011258086
345,0.0016750676022746114,0.0039481293928479,0.0039356523101175,0.0002019728034711,0.0002019728034711
346,0.004518250433212025,0.0019095834271246,0.0023291891075355,0.0002235708959026,0.0002235708959026
347,-0.006870225368417603,0.0029001005080119,0.0031248218387397,0.0003087610156186,0.0003087610156186
348,-0.0017553900554251492,0.0029154811075801,0.0031137971452997,0.0003192616202117,0.0003192616202117
349,-0.00526815325820533,0.0028598654726799,0.0030900500942405,0.0003346682001926,0.0003346682001926
350,-0.00798334060567693,0.0039851629211344,0.0039106158043807,0.0002463629361631,0.0002463629361631
351,-0.0025521011415998726,0.0035625917183264,0.0036459992763015,0.0001003728561915,0.0001003728561915
352,-0.0032234915319745276,0.0020488483676823,0.0024340084591019,0.0001318043500147,0.0001318043500147
353,-0.018926377585583885,0.0036157407384066,0.0036627128252851,0.0001308721779528,0.0001308721779528
354,-0.007663168168888399,0.003819418983234,0.0037900346180726,-1.79036111803603e-05,-1.79036111803603e-05
355,-0.001195505665724846,0.0015974985233743,0.0020868968676278,3.50814134248258e-05,3.50814134248258e-05
356,0.007784281220611506,0.0041929009161033,0.0040527130653429,1.19124779654972e-05,1.19124779654972e-05
357,0.010149000655832869,0.0007742878024854,0.0014041924795335,0.0001260558977241,0.0001260558977241
358,-0.0015428566249930577,0.0035535427133864,0.0035728647910732,0.0002407892869641,0.0002407892869641
359,0.004654974718835456,0.0028634925686869,0.0031439554335133,0.0001919931388663,0.0001919931388663
360,0.02475463254388514,0.0021100156756623,0.0024871603620106,0.0002724462894922,0.0002724462894922
361,0.018294012900623387,0.0044203895546596,0.0042690680555891,0.0001926794048858,0.0001926794048858
362,-0.002709439452123313,-0.0006437587904247,0.0003695882040972,0.0004225675954944,0.0004225675954944
363,-0.0008183590762241663,0.008160593289792,0.0071710058402376,0.0002221101932145,0.0002221101932145
364,0.011185100020749898,-0.0016239842728833,-0.0004024368226989,0.0002583352023034,0.0002583352023034
365,0.0003131282663599248,0.0061321329375134,0.0056062196125754,0.0002951395000857,0.0002951395000857
366,0.0026738716126682763,0.0010650177747788,0.0016936302911679,0.000239256527164,0.000239256527164
367,0.002696485470861302,0.0042948699115762,0.004188572952955,0.0002488362782458,0.0002488362782458
368,0.0026345061835951747,0.0015603553029907,0.0021303146587394,0.000269449429474,0.000269449429474
369,0.002370801288970403,0.0039650055175239,0.0039064638204531,0.0002733915791219,0.0002733915791219
370,0.0013910143760771398,0.0022316937174816,0.002594456407912,0.0002664856978851,0.0002664856978851
371,-0.01414282056965808,0.0031568475879248,0.0033194593032545,0.0002967869534198,0.0002967869534198
372,-0.011475298761495837,0.0047855496493743,0.0045244825735947,0.0001132937217379,0.0001132937217379
373,-0.0010492216291781828,0.0008562306871253,0.0015460593970177,0.0001634434413473,0.0001634434413473
374,-0.01179250702994684,0.0045079733128428,0.0043276514466702,0.0001631508346093,0.0001631508346093
375,-0.008104291961994763,0.0021830241000834,0.0025473850173343,0.0001145855095837,0.0001145855095837
376,-0.0016486695478575982,0.0031744631647633,0.0033035525870006,0.0001403723114703,0.0001403723114703
377,0.024159777460105017,0.0024029219330566,0.002718098436468,0.0001666100628469,0.0001666100628469
378,-0.006543313218172646,0.003586846314494,0.0036187396420124,0.0001404361908413,0.0001404361908413
379,-0.008027419280180815,0.0026619192770946,0.0029092113877044,0.0001130638501426,0.0001130638501426
380,-0.003259581485104333,0.0033896922487756,0.003465193257406,8.40011959106664e-05,8.40011959106664e-05
381,-0.006387906872147611,0.0023386068163418,0.0026645287571028,9.758085157675e-05,9.758085157675e-05
382,0.012677794526733779,0.0036176421674857,0.0036300853819824,7.07712281389538e-05,7.07712281389538e-05
383,0.005116340398614612,0.0009640020310088,0.0016209461346546,0.0001935226452663,0.0001935226452663
384,-0.008481063802475085,0.0046577429027696,0.0044891137783217,0.000168025625215,0.000168025625215
385,-0.005377297397066267,0.0026662639644984,0.0029093891284146,5.99248451971877e-05,5.99248451971877e-05
386,-0.006724483788904968,0.0031964739321527,0.0033198356712512,4.457355332892e-05,4.457355332892e-05
387,-0.010143883830256523,0.002953749123852,0.003117141462715,1.33833701470177e-05,1.33833701470177e-05
388,-0.0024271339500711074,0.0033509167360975,0.0034260231154576,-3.81009480768394e-05,-3.81009480768394e-05
389,0.004564414199124949,0.0020600556565777,0.0024447894546169,-2.65818337456206e-06,-2.65818337456206e-06
390,0.00012471926359221015,0.0033236071365149,0.0034053345450516,1.15278138339316e-05,1.15278138339316e-05
391,-0.001130705507885942,0.0027155264633662,0.002939266050904,-8.69047367362593e-06,-8.69047367362593e-06
392,-0.004288274615330824,0.0026487324905022,0.0028986819645348,1.95052896942473e-05,1.95052896942473e-05
393,-0.006903914739234661,0.0035751098308592,0.0035871445695708,-3.08123973252932e-05,-3.08123973252932e-05
394,-0.0013045612642441993,0.0023864219931086,0.0026825933028633,-3.97528303689321e-05,-3.97528303689321e-05
395,-0.00102501440742411,0.0030668635674877,0.0031930539171414,-2.51136804652191e-05,-2.51136804652191e-05
396,0.007923237967715501,0.0028716075371867,0.0030603789687305,-4.24029340378579e-05,-4.24029340378579e-05
397,0.002427035971352676,0.0019526419731644,0.0023742530863845,3.55772372502743e-05,3.55772372502743e-05
398,0.00840521729914517,0.0039148898437876,0.0038579919818624,3.04997496338756e-06,3.04997496338756e-06
399,-0.001421888298828764,0.0014411796843593,0.0019694510041698,5.58588237795392e-05,5.58588237795392e-05
400,0.0001531191203831712,0.00471728505946,0.0044671555591455,-9.52472673593219e-06,-9.52472673593219e-06
401,-0.0001985334980858178,0.0012458283549461,0.0018284912675057,1.7240555413656e-06,1.7240555413656e-06
402,0.0003055848101215691,0.0043396114176914,0.004166814524917,-1.81447259253323e-05,-1.81447259253323e-05
403,-0.00015214141720259775,0.0015062220382913,0.0020296613767199,-3.61971031275637e-06,-3.61971031275637e-06
404,0.0003143082244806441,0.0041604255464766,0.0040222106664738,-2.53760660096436e-05,-2.53760660096436e-05
405,-0.001890636767775311,0.0017506719027253,0.0022525821103017,-2.43005539411869e-05,-2.43005539411869e-05
406,-0.002889503743706582,0.0038957448466202,0.0038447677488801,-4.70628112611742e-05,-4.70628112611742e-05
407,-0.0033483924706858726,0.0022310155906335,0.0025872205948154,-7.03559846540859e-05,-7.03559846540859e-05
408,-0.000810120259593292,0.0032819883632688,0.0033353080270801,-6.70205609857406e-05,-6.70205609857406e-05
409,-0.0017717363030909639,0.0024956251394372,0.002756183320966,-6.45394676400558e-05,-6.45394676400558e-05
410,-0.0043975751502867925,0.0029862690915201,0.003160672617924,-5.60609200220248e-05,-5.60609200220248e-05
411,0.0022646048612703167,0.0028864847681555,0.0030845046519485,-7.56111574439682e-05,-7.56111574439682e-05
412,0.029775531170069786,0.0020202507531437,0.0023997591146064,-8.64789284628093e-06,-8.64789284628093e-06
413,0.0009621235944582483,0.0030396258327979,0.0031988203901345,3.10589463967522e-05,3.10589463967522e-05
414,0.0024821979118682946,0.0024574895919532,0.0027725964903704,4.95025387092056e-05,4.95025387092056e-05
415,0.006809848240641084,0.0033822180356191,0.0034608550037278,2.72222604519564e-05,2.72222604519564e-05
416,0.01256121501441704,0.0019597957196478,0.0023617866931444,6.94617878558646e-05,6.94617878558646e-05
417,0.04000935569690821,0.002845797655256,0.0030640846442893,0.0001327264453371,0.0001327264453371
418,0.030660559672872876,-0.0005910098174017,0.0004418672412226,0.0004421812481888,0.0004421812481888
419,0.016696316838269762,0.0060899407841888,0.005545345839967,0.0004099618589519,0.0004099618589519
420,0.014461701023827028,-2.38604637422006e-06,0.0008903294543271,0.0004485439197905,0.0004485439197905
421,0.015090505613850988,0.0052745681590971,0.004922739759749,0.0004469061538432,0.0004469061538432
422,0.021417665656445695,0.0005006856226631,0.0012652569380049,0.0005001868392757,0.0005001868392757
423,0.0007430686271088678,0.0035395759505748,0.0036200573178547,0.0006144167439816,0.0006144167439816
424,-0.0015633484435504574,0.0046464245516436,0.0044363096799651,0.0004319286654737,0.0004319286654737
425,0.007186341924917765,0.0011161703477326,0.0017895173453469,0.0004690432131351,0.0004690432131351
426,0.015295891449446018,0.0045076246937226,0.0043374778174031,0.0004522065554396,0.0004522065554396
427,0.016006282198770944,0.0001519597954613,0.0009960247748734,0.0005869043510541,0.0005869043510541
428,-0.0008534686499544245,0.005155117288525,0.0048492425533152,0.0005873524978133,0.0005873524978133
429,0.007200631815805503,0.0019474904097122,0.0022780495091903,0.0005425521677888,0.0005425521677888
430,0.0022497109027118135,0.0034279206408443,0.0035355250523052,0.0005767780123994,0.0005767780123994
431,0.0023633758390814927,0.0029962569428882,0.0031008294432999,0.0005519766760015,0.0005519766760015
432,-0.008080473211984834,0.0024889382374879,0.0028083071110576,0.0005971230861913,0.0005971230861913
433,-0.00830683208095555,0.0049108532057099,0.0045409952956228,0.0004745098406652,0.0004745098406652
434,0.009638167654169973,0.0009894454007592,0.001699127493689,0.0005140732217634,0.0005140732217634
435,0.0038279721243515467,0.0038804240439112,0.0038563018288576,0.0005585518098969,0.0005585518098969
436,0.004269714714304131,0.0022970811204798,0.0026705734415517,0.0005529545643319,0.0005529545643319
437,0.001428893186969444,0.0032270818740067,0.003363375265142,0.0005716732107119,0.0005716732107119
438,0.009746440846848304,0.0026984685697889,0.0029659021138007,0.0005761752245029,0.0005761752245029
439,0.0024661561313741196,0.0020748279672983,0.0025702548988861,0.0006599983719035,0.0006599983719035
440,-0.011813688522112637,0.0045341108067864,0.0043581380546807,0.0005816123673239,0.0005816123673239
441,-0.0030547669405249535,0.0024621765312511,0.002782294852844,0.0005220224642339,0.0005220224642339
442,-0.007449926136254628,0.0030009989324591,0.0031920900626857,0.0005484437716131,0.0005484437716131
443,-0.0020929405971596986,0.0039009982203685,0.0038728030266956,0.000463373156751,0.000463373156751
444,0.0010122633570747931,0.001729408072242,0.002254641069307,0.0004973709136495,0.0004973709136495
445,0.003483705369798935,0.0039579623162654,0.0039191649274729,0.000485425314468,0.000485425314468
446,-0.005320826127833209,0.0018970806857293,0.0023373782863556,0.0005070870857062,0.0005070870857062
447,-0.008949348075165158,0.0049978420990423,0.0047023992972678,0.0004019843452423,0.0004019843452423
448,-0.007225602762068138,0.0009737775098007,0.0016371817246869,0.0004291461976248,0.0004291461976248
449,-0.0065647544547339535,0.0048558302239087,0.0046602115304132,0.0003846917119161,0.0003846917119161
450,-0.004381736094545718,0.0007941463897154,0.0014170957235782,0.0004370664152029,0.0004370664152029
451,-0.0010995716653298233,0.0048061660493603,0.0045845626690709,0.0004197584636696,0.0004197584636696
452,0.0277896309086225,0.000853385199678,0.0015091836156483,0.0004695283291076,0.0004695283291076
453,0.0035664168430635055,0.0046053046970747,0.0045201163381659,0.0004535319913187,0.0004535319913187
454,-0.009080839936585226,0.0008178501687089,0.0014920603706729,0.0005112190955488,0.0005112190955488
455,-0.03789095060094502,0.0060033771550221,0.0056344867994081,0.0003851085167775,0.0003851085167775
456,-0.022001529297535433,0.0043041854295273,0.0039555209441614,8.85777541869831e-05,8.85777541869831e-05
457,-0.013613786596700317,0.0009769358198834,0.0016824312117669,0.000160266588887,0.000160266588887
458,-0.008519711025426419,0.0054409304204681,0.0048926922044594,7.52705237854869e-05,7.52705237854869e-05
459,-0.0007719374640683655,0.0006270814506998,0.0014039271399647,9.70834914532067e-05,9.70834914532067e-05
460,-0.007771774381557785,0.0040883122608543,0.0040289829759564,0.0001232879182333,0.0001232879182333
461,-0.004369078573161789,0.0026651522721625,0.0029136715630385,5.4162134103709e-05,5.4162134103709e-05
462,-0.006042545292130026,0.002521338326408,0.0028754936247434,7.90444993490746e-05,7.90444993490746e-05
463,-0.005293022210765124,0.0026533025403384,0.0028732407846927,0.0001085271875613,0.0001085271875613
464,-0.0063539527848361695,0.0028875104306615,0.0030886526276979,0.0001158539346645,0.0001158539346645
465,-0.005484025713931652,0.0026788742049949,0.002909436629216,0.0001252798623219,0.0001252798623219
466,0.011636341153393898,0.0033696468630347,0.0034435371122405,9.10269437403169e-05,9.10269437403169e-05
467,0.00843148234935063,0.0013169039820731,0.0019231915834845,0.0001779729306585,0.0001779729306585
468,0.01101976274766945,0.0036290238316303,0.0036865962071559,0.0002022585843795,0.0002022585843795
469,0.00757329907420686,0.0017905617239679,0.0022405733433379,0.0002392986889805,0.0002392986889805
470,0.004330439326461275,0.0036767215672874,0.0037446938904257,0.0002339907436484,0.0002339907436484
471,0.008940347753309836,0.0023230744593805,0.0026140553629901,0.0002268151788822,0.0002268151788822
472,0.002357835086414905,0.002798887179873,0.0031040584336456,0.0002599141093075,0.0002599141093075
473,-0.011752300404165535,0.0034162918275785,0.0034475575896944,0.0002160144358528,0.0002160144358528
474,-0.005431880354664785,0.0039698766955912,0.0039026615361176,9.01555040130958e-05,9.01555040130958e-05
475,-0.007840034636091628,0.0016327140166756,0.0021494202282329,0.0001127437272094,0.0001127437272094
476,0.007233465795179352,0.0046831102865225,0.0044360494242084,3.20896374828919e-05,3.20896374828919e-05
477,0.005932036215432031,-0.000247358690798,0.0007054772761655,0.0001602345375063,0.0001602345375063
478,0.0019747587026908192,0.0053492388913384,0.004956919542562,0.000146225941769,0.000146225941769
479,0.001902869320001147,0.0008063231646607,0.0015131703529217,0.0001522612090483,0.0001522612090483
480,-0.004133992262056059,0.0042818123274914,0.0041360678826011,0.0001588214326834,0.0001588214326834
481,-0.0014449418984259215,0.0022243710806252,0.0024361795822959,0.0001342628979281,0.0001342628979281
482,-0.005533938880034966,0.0030237178059079,0.0031672596132208,0.0001678394485413,0.0001678394485413
483,-0.010255507930046617,0.002912170785784,0.0031297863208788,0.0001481684765789,0.0001481684765789
484,0.01495760020460037,0.0032984420112955,0.0033725552837981,0.0001044631555958,0.0001044631555958
485,-0.005490720013342108,0.0027200513028065,0.0028965982770487,8.93512464046125e-05,8.93512464046125e-05
486,0.004111744947246657,0.0029715560448018,0.0032010213141005,7.95538803103311e-05,7.95538803103311e-05
487,0.0031614011543124308,0.0022637325501117,0.0026187583904452,0.000106777494936,0.000106777494936
488,-0.00025282040607109034,0.002905304799444,0.0030940058553473,0.0001319223140108,0.0001319223140108
489,0.0004943571666428425,0.003427260093906,0.0034444885112202,8.19187305586763e-05,8.19187305586763e-05
490,-0.0017778469349093108,0.0022085254457672,0.0025641519179777,9.50858242922082e-05,9.50858242922082e-05
491,0.003436831268282366,0.0025133098806882,0.0028052532012042,0.0001548008089906,0.0001548008089906
492,0.021964359974180232,0.0026635364632994,0.0029227472216442,0.0001852327404426,0.0001852327404426
493,0.009807521913672847,0.002269120846402,0.0026279942588313,0.0002393100203356,0.0002393100203356
494,0.011544871839325965,0.0030927498772613,0.0032553005021773,0.0002527663279543,0.0002527663279543
495,0.006676919666068142,0.0022073891384027,0.0025895322074098,0.0002871530520431,0.0002871530520431
496,0.0033968625066780043,0.0036936522289358,0.0037143747815443,0.0002570602373823,0.0002570602373823
497,0.005160805248061056,0.0022129144303893,0.0025940146127951,0.0002536811892417,0.0002536811892417
498,0.0005904401688054999,0.0031418698316981,0.0032927618133342,0.0002665273469404,0.0002665273469404
499,0.001114809544103912,0.0032268119285906,0.0033073192538108,0.0002215018694422,0.0002215018694422
500,0.005342418765350279,0.0025034977948478,0.0028054066516673,0.0002266519495447,0.0002266519495447
501,0.009509771870641764,0.0027003396061987,0.0029637103196551,0.0002558817110671,0.0002558817110671
502,0.010911726962569994,0.0022576583051788,0.0026270165781701,0.0003097233383056,0.0003097233383056
503,0.02421768124433725,0.0028660702236406,0.0030958618517776,0.0003434758651382,0.0003434758651382
504,0.028316225776462596,0.0003469974934387,0.0012133189555843,0.0005416032651292,0.0005416032651292
505,0.011134198601230461,0.0044230138806399,0.0043114224194667,0.0005699739576007,0.0005699739576007
506,0.009135449032951829,0.0019587116932602,0.0023679704727542,0.0005560256800542,0.0005560256800542
507,0.0070973762510780644,0.0031375187166973,0.0033989564217393,0.0005892343331791,0.0005892343331791
508,0.002868300680155576,0.003019060027824,0.0031554116609572,0.0005660748315621,0.0005660748315621
509,0.013433131381336758,0.0027420106321716,0.0030817901121347,0.0005695703292136,0.0005695703292136
510,0.012224622430613372,0.001555747894208,0.002131197765309,0.0006816596138147,0.0006816596138147
511,0.004516106152709463,0.0048995919183048,0.0046546777735632,0.000606526868975,0.000606526868975
512,0.009589588085901865,0.0010542142296552,0.0017093186282326,0.0006357246633182,0.0006357246633182
513,0.011877662531971834,0.0040398320033349,0.0040901460692745,0.0006519199603604,0.0006519199603604
514,0.005512502806817821,0.001516050891758,0.0020277886449987,0.0006951299827731,0.0006951299827731
515,-0.0019320527075789924,0.0041325059814474,0.0041721596092717,0.0006805264398466,0.0006805264398466
516,0.007242637829260001,0.0023964503125278,0.0027721822630478,0.0006405220764002,0.0006405220764002
517,0.012413064103008867,0.0020895412946638,0.0026540521776864,0.0007230238927657,0.0007230238927657
518,0.026483581181050677,0.0032765572791504,0.0033741491895039,0.0007431228230416,0.0007431228230416
519,0.036547336368394495,-0.0005695709447523,0.000505120587349,0.0010057525443038,0.0010057525443038
520,0.0014936324833856743,0.0057919670122475,0.0053426585623134,0.001001245470377,0.001001245470377
521,0.0020322495538341576,0.0025455789530193,0.0029174218811409,0.0008683727608701,0.0008683727608701
522,0.010890039450149734,0.0016994610152867,0.0023802713477732,0.0009787605973626,0.0009787605973626
523,-0.001041583970451956,0.0043449889788868,0.004163773618568,0.0009460558704106,0.0009460558704106
524,0.004333365644702177,0.0020730546807168,0.0025667969574572,0.0009389538635974,0.0009389538635974
525,0.023226422438122146,0.002849550910188,0.0031233280277277,0.0010009866640786,0.0010009866640786
526,0.026060481144482426,0.0019018338618659,0.0024510096441099,0.0010938382480438,0.0010938382480438
527,0.00508313890389229,0.0038053429045653,0.0038384208257153,0.001095520301122,0.001095520301122
528,0.0008556941479088586,0.0029465966093857,0.0032266208115182,0.001050333242521,0.001050333242521
529,0.004451287417728401,0.0032909924421671,0.0034816430634325,0.0010250426213756,0.0010250426213756
530,0.023419027321195135,0.00121684521431,0.00194857160318,0.0011439066000858,0.0011439066000858
531,0.027770244594729866,0.0026043799122643,0.0029315754147279,0.0012877909249817,0.0012877909249817
532,0.012575374661817112,0.0032897038960281,0.0034602718987549,0.0012996911503193,0.0012996911503193
533,0.018588005113738995,0.0029390496849896,0.0031968543572943,0.001297266292254,0.001297266292254
534,0.02379966714943177,0.0016598570450332,0.0022825431782262,0.0014186130010124,0.0014186130010124
535,0.0031860886192568195,0.0042074498105096,0.0041557189677523,0.0014144734560293,0.0014144734560293
536,-0.003374534277824859,0.002751963540386,0.0031032920915029,0.001369936334781,0.001369936334781
537,0.011842228189564685,0.0034243173252649,0.0035565086579082,0.001360861971361,0.001360861971361
538,0.018966740710775455,0.0015275534738586,0.0021948211921496,0.0014646087018783,0.0014646087018783
539,-0.013430457166183045,0.0050818793758996,0.0047994731950028,0.0013999577270678,0.0013999577270678
540,-0.02510134907869449,0.0044812470413548,0.0042157069757125,0.0011737150574831,0.0011737150574831
541,0.0005817839498943042,0.0021505155225232,0.0026087500632607,0.0011663781492665,0.0011663781492665
542,0.01041397419390836,0.002670362053499,0.0030217550538541,0.0012509150211307,0.0012509150211307
543,0.020127840877375583,0.0025368651603011,0.0029480320377391,0.0013125822407048,0.0013125822407048
544,0.02572189063499057,0.0008133027528237,0.0017719369982398,0.0015234158386821,0.0015234158386821
545,-0.0021049730333244187,0.006337002533445,0.0056614008184335,0.0013967968095217,0.0013967968095217
546,0.008355001670285515,-9.32880713550559e-05,0.0010330115990773,0.0014509166019201,0.0014509166019201
547,-0.004042123283535208,0.0050539822524074,0.0048334559701052,0.001475704749032,0.001475704749032
548,-0.014221586968641774,0.0027846142344973,0.0031807272245739,0.0013655406259883,0.0013655406259883
549,0.008316882529100011,0.0024132079893371,0.0028559272848324,0.0014269397628117,0.0014269397628117
550,0.01400402754607258,0.0032174295277919,0.0034530485834373,0.0014511650158493,0.0014511650158493
551,-0.0022966555456911605,0.0032737984609218,0.0035013421939382,0.0014191745820396,0.0014191745820396
552,-0.012059627471090325,0.0044508602765739,0.0042155659740044,0.0012973477548848,0.0012973477548848
553,-0.0003981611963963371,0.0017453365124042,0.0023412669355533,0.0013248902314779,0.0013248902314779
554,-0.014261674488358977,0.0046451487047309,0.0044156002846691,0.0012767092698298,0.0012767092698298
555,0.0015682144371783322,0.0022683226023218,0.0027355449848446,0.0012403431918951,0.0012403431918951
556,0.014543471139817616,0.0022992398248546,0.0027586755171867,0.0013453802223477,0.0013453802223477
557,0.0074131849459591875,0.0030642900324076,0.0033136155684948,0.0013891303239173,0.0013891303239173
558,0.00012870702304047893,0.0029506833058761,0.0032136033543733,0.0013984617467395,0.0013984617467395
559,0.010632419764842622,0.0029729355352873,0.0032369057134547,0.0014144890458046,0.0014144890458046
560,0.051180614417983154,0.00011118645149,0.0012296234636614,0.001664928981764,0.001664928981764
561,0.0378915075557782,0.0032930488247999,0.0035074958843101,0.001834964892691,0.001834964892691
562,0.027291098901824698,0.0027050849437971,0.003090105485479,0.0018626026690592,0.0018626026690592
563,0.02638073468802699,0.002716164915454,0.0030470323267116,0.0019357563672753,0.0019357563672753
564,0.006031534732144371,0.0041072706536024,0.0040907376965653,0.0018885038189128,0.0018885038189128
565,0.004012939825653693,0.0034876462741405,0.0036104502003241,0.0018008531030174,0.0018008531030174
566,0.020859341544460556,0.0016190366024384,0.002292504515743,0.0019159042179303,0.0019159042179303
567,0.005261199757188614,0.0052330900109391,0.0048258918404316,0.0018480714285422,0.0018480714285422
568,0.020440247518381787,0.0011427965438263,0.0019546278734265,0.0018924403735088,0.0018924403735088
569,0.034182563028570125,0.0034628055495424,0.0036742516261351,0.0019912504837404,0.0019912504837404
570,0.03559560939131085,0.0008646661272978,0.001822182630451,0.0021653832361595,0.0021653832361595
571,0.008248609243049156,0.0053746677788327,0.0049406619545328,0.002139537025383,0.002139537025383
572,0.019494985266086926,0.000747311441331,0.0017558092588585,0.0022093903623133,0.0022093903623133
573,0.01600625168950829,0.0046740246599004,0.0045769112404434,0.0022344298732473,0.0022344298732473
574,0.026972702681531655,0.0004847166139337,0.0015352242423591,0.0023650262425974,0.0023650262425974
575,0.013654723189134034,0.005430494350179,0.0050062833540707,0.0023689398749102,0.0023689398749102
576,0.023591118534012738,0.0013315743468026,0.0021508475775167,0.0023978060844263,0.0023978060844263
577,0.05116686235398709,0.0016869729658407,0.0025718284032107,0.0026326504828487,0.0026326504828487
578,0.024057902525500965,0.0036772409506153,0.003885717048852,0.0026885395433738,0.0026885395433738
579,0.005501183127628866,0.003985150265603,0.0040467520002323,0.00260663098059,0.00260663098059
580,0.03861658527742292,0.0010608344381799,0.0019940406519826,0.0027582616992165,0.0027582616992165
581,0.051495291231395554,0.0028830455629376,0.003225551179497,0.0029598380786222,0.0029598380786222
582,0.04451425892463217,0.0019846428981557,0.0026611354431745,0.0031320772695144,0.0031320772695144
583,0.031684865182242145,0.00395171369779,0.0039590707622912,0.0031995935154519,0.0031995935154519
584,0.009697131169917298,0.003442882896353,0.0037849209632722,0.0031644273244516,0.0031644273244516
585,-0.02118272762423712,0.00489282682202,0.0046393431814608,0.0030303995888683,0.0030303995888683
586,-0.03411305797959037,0.004462608267176,0.0043049409213108,0.0028442359507344,0.0028442359507344
587,-0.01437756589525141,0.0039231720828315,0.0039616202329701,0.0027275001492459,0.0027275001492459
588,0.04700167836866003,0.0004651783810465,0.0015716249905274,0.0029705369641193,0.0029705369641193
589,0.039178822972875706,0.0046607474296856,0.0044367865589847,0.0030814552881771,0.0030814552881771
590,-0.0057271459888126215,0.0041062038454398,0.0042396673647883,0.002923336348607,0.002923336348607
591,-0.00959919383286402,0.0034692021520694,0.003628589725404,0.0028631724072958,0.0028631724072958
592,-0.01699067318806039,0.0035927690219834,0.0038292651387054,0.0028362962297071,0.0028362962297071
593,-0.01646571171075913,0.0027251775343155,0.0031310857126947,0.0028874102396108,0.0028874102396108
594,-0.017247206410473066,0.0044226907892665,0.0043809279287563,0.0028375015953223,0.0028375015953223
595,-0.004743248455250711,0.0029944831073088,0.00335181447771,0.0027961265225595,0.0027961265225595
596,-0.04681595332168655,0.0073127981810317,0.0062436368614635,0.0024535932836702,0.0024535932836702
597,0.013439316622953003,-0.0017893040352941,6.57288339358936e-05,0.0026258814660905,0.0026258814660905
598,-0.02202954456121908,0.0082820693523186,0.0069412966982634,0.0025498464015868,0.0025498464015868
599,-0.011398794756715274,-0.0005861558656468,0.0009083346611018,0.0025563024510086,0.0025563024510086
600,-0.004906720321586104,0.0064602065223262,0.0056400316146719,0.0025463302648348,0.0025463302648348
601,-0.004470966463180938,0.0008366495223583,0.0018151642705546,0.0025621447218103,0.0025621447218103
602,-0.03923663717235318,0.007429662919216,0.0064277159917718,0.0023917079185797,0.0023917079185797
603,0.045978586024364596,-0.003070816546603,-0.0010825958847439,0.0026296985679896,0.0026296985679896
604,0.006429623246066888,0.0075492930491198,0.0065550106128678,0.0026903394473782,0.0026903394473782
605,-0.007180005399158679,8.81485873774368e-05,0.0013600758656397,0.002683066173751,0.002683066173751
606,-0.008726213803689748,0.0070743953710342,0.0062327248569895,0.0025896646858195,0.0025896646858195
607,0.007992517776102598,8.4603062966987e-05,0.0012316751931061,0.0026113432892492,0.0026113432892492
608,0.025238890192740657,0.0037777568141885,0.0040044918238126,0.0027530254589762,0.0027530254589762
609,0.027711800858701716,0.0010332340540697,0.0019671412514699,0.002895779502467,0.002895779502467
610,0.008167777479602841,0.006044526900033,0.0054044132255551,0.0028434212095522,0.0028434212095522
611,0.025683929048853135,0.0002259815911996,0.0014663790250542,0.0029214245980502,0.0029214245980502
612,0.023279144023773346,0.0052110017525811,0.0047789514761004,0.0029813508190093,0.0029813508190093
613,0.013308550675471938,0.0024306496995857,0.0030528947476004,0.0029484351510714,0.0029484351510714
614,0.08183569606957276,-0.0013083074530032,1.23704683880387e-05,0.0034145315189253,0.0034145315189253
615,0.02505948491664124,0.007355072995905,0.0065853233349693,0.0034179550680901,0.0034179550680901
616,0.004527516063796339,0.0018544319529194,0.0024823451938429,0.0033182915367149,0.0033182915367149
617,0.03848371830525965,0.0030919183498502,0.0033618610342542,0.0034828544925394,0.0034828544925394
618,0.005595600155477757,0.004429064172569,0.0043712419500912,0.0034461983047668,0.0034461983047668
619,-0.0042916821352625735,0.0031229706553291,0.0034787361455399,0.0034226307640381,0.0034226307640381
620,0.024600675186370602,0.0030308408735521,0.0034042573459796,0.003494452469513,0.003494452469513
621,0.01737420246559567,0.0044652072545145,0.0044311375193337,0.0034467630345705,0.0034467630345705
622,0.017188576967765424,0.0022490876841854,0.002822660697758,0.0035003402411273,0.0035003402411273
623,0.04005902823460796,0.0030648860471011,0.0034104259423057,0.0036401096195134,0.0036401096195134
624,0.010558054097413285,0.0043325493981601,0.0043732639208298,0.0036070487643515,0.0036070487643515
625,0.036299466338095596,0.0009036874845515,0.0017995412961039,0.0038039272062629,0.0038039272062629
626,0.01711954693780257,0.0058932108594008,0.0073870707342002,0.0037984916529482,0.0037984916529482
627,0.014083898249455865,0.0011992515072319,0.0021489010599532,0.0038546854000247,0.0038546854000247
628,-0.02591771162863396,0.0073353588897447,0.0065260570738893,0.0037014798124474,0.0037014798124474
629,-0.03672507986317495,0.0035109542171009,0.0038805261307342,0.003454329684705,0.003454329684705
630,0.002794145220685323,0.0027695520656296,0.0031057372825189,0.0035334060946946,0.0035334060946946
631,-0.025420060304121212,0.0063537693220592,0.0058664890085665,0.0033391840326798,0.0033391840326798
632,0.0017869968375009801,0.0015893084886268,0.0024246178570882,0.0033066379600907,0.0033066379600907
633,0.0060453326129680665,0.0051540349891289,0.0048617812701965,0.0032885117721145,0.0032885117721145
634,0.0006220733457747685,0.002957729129173,0.0033794107585273,0.0032248498464787,0.0032248498464787
635,0.015554535443165844,0.0012618177776999,0.002170936199298,0.0034611947413348,0.0034611947413348
636,-0.017045469083455708,0.0060324722553954,0.0055441121498806,0.0033903274670011,0.0033903274670011
637,0.002356342559630264,0.0003897448132529,0.001614451632665,0.003489196662346,0.003489196662346
638,-0.024614566328641688,0.0072353712495246,0.0063553117617069,0.0033823101192258,0.0033823101192258
639,0.000788941700271158,0.000737763775156,0.0017334405773086,0.0033946632787318,0.0033946632787318
640,-0.009214704386367394,0.0056197889950278,0.0053307625646693,0.0033872101597765,0.0033872101597765
641,0.02437594308452707,0.0006325855058082,0.00163003510278,0.0034930020986888,0.0034930020986888
642,0.01796347667596797,0.0053979882341462,0.0049794236735928,0.0035382437124532,0.0035382437124532
643,0.04333213559919168,0.0010466970375113,0.0019023873165582,0.0036499266758737,0.0036499266758737
644,0.010964133321780018,0.0049213817846518,0.0049011288688573,0.0036906191935483,0.0036906191935483
645,0.011893150898100661,0.0017805415990994,0.0024315080616289,0.003758544777044,0.003758544777044
646,0.005373792512602612,0.005329344937161,0.0052141217274448,0.0037280470880996,0.0037280470880996
647,0.034738674417586206,0.0002929131408227,0.0013130421507012,0.0038892292592711,0.0038892292592711
648,-0.002732553056462863,0.007589147839192,0.0067872123504839,0.0037957470018343,0.0037957470018343
649,-0.010555127621876922,0.0028843393184297,0.0030963315137848,0.0036479532635087,0.0036479532635087
650,0.016456564179879948,0.003644281357364,0.0040282639325642,0.0036878124458954,0.0036878124458954
651,0.022095803147376032,0.0025593216553193,0.003004508124329,0.0037659973674385,0.0037659973674385
652,-0.001571441925796028,0.0053321601374067,0.0050541747762377,0.0037057153504576,0.0037057153504576
653,0.010448146722215093,0.0023644010325202,0.0028512102027547,0.0037140396978935,0.0037140396978935
654,0.008479167438780482,0.0046173738110912,0.00468792739527,0.0037056107729329,0.0037056107729329
655,-0.009243681683166376,0.0030932809543043,0.0035346874236604,0.0036686488677545,0.0036686488677545
656,-0.028593275998870845,0.005693791323978,0.0053359578391306,0.0035247951826118,0.0035247951826118
657,-0.0068158628522622606,0.0018419554128825,0.0025824983241317,0.0035283723785247,0.0035283723785247
658,-0.02099574911647098,0.0060426953200943,0.005599627540879,0.0034324859297023,0.0034324859297023
659,-0.01120752226864038,0.002261794755949,0.0028916568787755,0.0033738448005945,0.0033738448005945
660,0.02336772870775985,0.0024958637484753,0.0029881360336483,0.0035371818342549,0.0035371818342549
661,0.0045705552865355145,0.0042227167556658,0.0041933521914993,0.003563172362063,0.003563172362063
662,-0.002252707495910127,0.003344774879067,0.0036140992148345,0.0035511071429329,0.0035511071429329
663,0.00994617338211284,0.0029082112621309,0.0033459845796072,0.0036221294057118,0.0036221294057118
664,0.004373340523718671,0.0036743158588454,0.0038720142253037,0.0036594887841012,0.0036594887841012
665,0.011449547629134369,0.0036210731930878,0.00387645822624,0.0036509642038533,0.0036509642038533
666,-0.009534534494049196,0.0036600152168169,0.0038718675032939,0.0036423163177725,0.0036423163177725
667,-0.0017252816826920407,0.0034881281454381,0.0037712361836857,0.0036456595582926,0.0036456595582926
668,-0.01232015458641784,0.0047070907518737,0.0046249472490736,0.00355745359261,0.00355745359261
669,0.013507349558832236,0.0022394125297614,0.0028461945073199,0.003596401439048,0.003596401439048
670,0.0132432088661926,0.0043091272250915,0.0043374236965324,0.0036227064907158,0.0036227064907158
671,0.0006956138940379729,0.0035961722974812,0.0038629582579054,0.0035721095250513,0.0035721095250513
672,-0.004740918660664423,0.0046084248383258,0.0045707082387042,0.0034779568469844,0.0034779568469844
673,0.020875031687829917,0.0017468228449392,0.002484409004584,0.0035594436004944,0.0035594436004944
674,0.002680340197136568,0.0050621508691103,0.0048819983297089,0.0035531309681629,0.0035531309681629
675,0.010862150763412334,0.0016800452405942,0.0024510609277027,0.0036133865420878,0.0036133865420878
676,0.004826967667655021,0.0050806534409376,0.0048906906531591,0.0036124085805759,0.0036124085805759
677,0.004012390693190082,0.0025640362522603,0.0031260589954352,0.0035986247782555,0.0035986247782555
678,0.026423685779359777,0.00249919070394,0.0031421803006241,0.0037384170812293,0.0037384170812293
679,-0.015566017471046283,0.0046847358471413,0.0046755394704985,0.0037076708309507,0.0037076708309507
680,0.004779864266870404,0.0027411716430572,0.003205654038469,0.0037096754588956,0.0037096754588956
681,-0.006618689069145887,0.005248235160863,0.0050117473124405,0.0036332798820797,0.0036332798820797
682,-0.004797790514998443,0.0030775172107281,0.0034707776740237,0.0035716387512832,0.0035716387512832
683,-0.025716830594329457,0.0058773100216143,0.0054704583181417,0.003411232765845,0.003411232765845
684,-0.003298695062560092,0.0021954077122651,0.0027575077747161,0.0033797840324944,0.0033797840324944
685,0.0033159347998340948,0.0041908466939183,0.0043093695910446,0.0034059063677475,0.0034059063677475
686,-0.025448610342774305,0.0043634540204081,0.0044032433417053,0.003284200946437,0.003284200946437
687,-0.026842670082515733,0.0039946507589152,0.0040816585929682,0.0031845023537132,0.0031845023537132
688,-0.022863758039168645,0.0034562883507503,0.0037228331032541,0.0031500572219779,0.0031500572219779
689,-0.001428962009896202,0.0041202045619103,0.0041609888096142,0.003093875248884,0.003093875248884
690,-0.026359596865072926,0.0035823864040496,0.0038023146420137,0.0030371667431532,0.0030371667431532
691,0.02567523336717837,0.0004707406621097,0.0016248362859492,0.0032698620236592,0.0032698620236592
692,0.0036507731025993335,0.0052744209915496,0.0050250028368986,0.0033062779989685,0.0033062779989685
693,-0.005721129100579665,0.0023902053799468,0.0029048025538502,0.0032901635751756,0.0032901635751756
694,-0.010828451444558244,0.0051739868037522,0.0049182165625663,0.0032261316335518,0.0032261316335518
695,0.025984632173790937,7.0112392982729e-05,0.0012423422440347,0.0034039320170897,0.0034039320170897
696,-0.0020963289186135365,0.0063060842467277,0.0057597426600877,0.0033982228561606,0.0033982228561606
697,-0.005049928418656451,0.0020967611273952,0.0027822902807466,0.0033391756936721,0.0033391756936721
698,0.008951144851441911,0.0043938484183181,0.0043413205391663,0.0033562011179996,0.0033562011179996
699,-0.019822458176686757,0.0051003742401732,0.0047918513471802,0.0031844654823917,0.0031844654823917
700,0.030705740915188413,-0.0001251020017507,0.0012766225172241,0.0033638374851672,0.0033638374851672
701,0.0018264590211922317,0.0067549212413812,0.0060974688375834,0.0033129144031402,0.0033129144031402
702,0.018010097508764346,0.0007320829437931,0.001699327070496,0.0033445822303418,0.0033445822303418
703,0.018920058344530675,0.0044099237064192,0.0047544716076157,0.0033999694862106,0.0033999694862106
704,0.004913035196588586,0.0029207028992174,0.0033556503723333,0.0033659714556635,0.0033659714556635
705,-0.01828328423147276,0.0054620765763787,0.0050105509774514,0.0032612628709978,0.0032612628709978
706,-0.004179287470258678,0.0018967287726314,0.002521724982182,0.0032897223111619,0.0032897223111619
707,-0.06129509556399544,0.0090438957002733,0.007799111743784,0.002961655579852,0.002961655579852
708,-0.011254136555002464,-0.0010315123363682,0.0002097372689784,0.0029874254903428,0.0029874254903428
709,-0.006515024357168176,0.0068927271457831,0.006182770155269,0.0029902864665026,0.0029902864665026
710,-0.03635100438786692,0.0033042982065806,0.0033091475271817,0.0028333078242634,0.0028333078242634
711,-0.02130670645384293,0.0037462433360346,0.004005451205816,0.0028112488417614,0.0028112488417614
712,-0.03519128851167972,0.0051525703742779,0.0046878431034239,0.0026606794017812,0.0026606794017812
713,-0.00887376932044563,0.0026816252934984,0.003110264825082,0.0026169703995973,0.0026169703995973
714,-0.08332777654386415,0.008314274432966,0.0069692360596403,0.0022861636187792,0.0022861636187792
715,0.006879884906533896,-0.0039717085055078,-0.0016357782848833,0.0025210094290543,0.0025210094290543
716,-0.057237820621231346,0.012038362244022,0.0098226099556374,0.00231369800257,0.00231369800257
717,-0.017172690205597127,-0.0030473999439396,-0.0011395865437108,0.0023227063570516,0.0023227063570516
718,-0.03852760557220581,0.0109707777950812,0.0093327884153062,0.0021439061899313,0.0021439061899313
719,0.021167720590024017,-0.0073162157264654,-0.0047556032767599,0.0024040435990168,0.0024040435990168
720,-0.015917759800710134,0.0111348147719692,0.0099266521181494,0.0023782974512088,0.0023782974512088
721,-0.0022731081152549694,-0.0032606613502589,-0.0019294108144802,0.0024235450564163,0.0024235450564163
722,-0.014786584360101435,0.0094136120891406,0.0083826459785439,0.0023682918620113,0.0023682918620113
723,-0.044727270849463416,0.002245358927779,0.0026979537843147,0.0021951375810628,0.0021951375810628
724,-0.023331675840003115,0.0049429503631595,0.0050510429757785,0.0021210183284085,0.0021210183284085
725,-0.0005284012550847867,0.0008536599803204,0.0013497087120231,0.002184304349163,0.002184304349163
726,0.02194259527495896,0.0033413331427732,0.0035877183026842,0.0022837428422816,0.0022837428422816
727,0.0031957285161947845,0.004198878189343,0.0040124571452871,0.0022370563279299,0.0022370563279299
728,0.025556173627004835,0.0016527052522911,0.0023539871104768,0.0022890271465947,0.0022890271465947
729,0.0077795500003828705,0.0027203897851816,0.0030499050245328,0.0023814128406591,0.0023814128406591
730,-0.037880338639876394,0.0061505126978787,0.0056507036303258,0.0022388242805482,0.0022388242805482
731,-0.028896829305587977,0.0027662301001213,0.0030525210733628,0.0021474913003522,0.0021474913003522
732,-0.006746597683155771,0.0033524790659642,0.0035445584049354,0.0021598864525931,0.0021598864525931
733,-0.026678079406316075,0.0058259107723243,0.0053272087023045,0.002005193606005,0.002005193606005
734,0.004412623209140294,0.0015142006511663,0.002131428909104,0.001994747228527,0.001994747228527
735,0.04881168700189626,4.94828600067728e-05,0.0010264427412381,0.002257069012242,0.002257069012242
736,0.001553987183500948,0.0063241466709656,0.0057703786849781,0.0022115679608992,0.0022115679608992
737,0.001934497704835103,0.0004526115943615,0.0013444413577789,0.002243520516658,0.002243520516658
738,-0.01378703934418875,0.0072307736569774,0.0065061141698612,0.0021249215525929,0.0021249215525929
739,0.02796020737767255,-0.0037498436612152,-0.0019507686440456,0.0023505161948563,0.0023505161948563
740,0.012202849215303018,0.0067968337262058,0.0062343826351276,0.0024300040406749,0.0024300040406749
741,0.006996636868274635,0.0010958418640895,0.0018737000286123,0.0024042893783101,0.0024042893783101
742,-0.009987397176490108,0.0067688074330378,0.006185936150647,0.0022911507874546,0.0022911507874546
743,0.0005038855271396336,0.0010743870146625,0.0017624586915843,0.0022693881276453,0.0022693881276453
744,-0.025193300772425962,0.0073476666889956,0.0066802383711359,0.0021220191425697,0.0021220191425697
745,-0.007685940290204354,0.0006790188284975,0.0012652404939138,0.0021026949507559,0.0021026949507559
746,0.0026976075992227225,0.0050312782172732,0.0049846447929889,0.0021010130010126,0.0021010130010126
747,-0.037664905721013456,0.0065289841960772,0.0056709202732011,0.001843389064816,0.001843389064816
748,0.0066170657773582005,6.70364980754458e-05,0.0009578634333639,0.0018927076358496,0.0018927076358496
749,0.0033051827442540037,0.0039897655806524,0.0039600505613997,0.0019735230683593,0.0019735230683593
750,-0.011087402767055134,0.0016025893802304,0.0021429666693865,0.0020331960058923,0.0020331960058923
751,-0.053543255382665196,0.0079232149552808,0.0069252182137825,0.0018292388031423,0.0018292388031423
752,0.02447521247064205,-0.0007639170529201,0.0002558356868996,0.0018611573402287,0.0018611573402287
753,0.010907172381634623,0.0028262436718163,0.003247013502951,0.0020318526994388,0.0020318526994388
754,-0.005686480215527115,0.0035968561256228,0.0036565528624443,0.0020135259178043,0.0020135259178043
755,0.010005854135320012,0.0013783388173897,0.0020111024675309,0.0020997212525121,0.0020997212525121
756,-0.008248466306981075,0.0055824543784183,0.0050789356128936,0.0020427654205746,0.0020427654205746
757,-0.013054024558112358,0.0033188553544738,0.0034579505723961,0.0019385796357081,0.0019385796357081
758,0.0005423454513409378,0.002731956227432,0.0030286931289811,0.001954509378007,0.001954509378007
759,0.011876225538195206,0.0026073400710924,0.0029109234385975,0.0020046398859253,0.0020046398859253
760,0.009470850533180303,0.0030011228055237,0.0032111950778858,0.0020394371840568,0.0020394371840568
761,-0.0025149133448532472,0.0051352192715138,0.0047885079382902,0.0019329467516239,0.0019329467516239
762,0.01380547072301988,0.0013975062176894,0.0019468490644418,0.0019583484381979,0.0019583484381979
763,-0.008528063478108923,0.0049851844877177,0.0047014844452846,0.0019278378080981,0.0019278378080981
764,-0.013197455674031923,0.0030878907217512,0.0032239608824344,0.0018575585392609,0.0018575585392609
765,0.0026427320438715076,0.0021205308539762,0.0026016420497247,0.001916840831899,0.001916840831899
766,-0.00487342851416332,0.0043406730323856,0.0041531715231583,0.0018907838457069,0.0018907838457069
767,0.0013503151679512715,0.0015853098879184,0.0021643963281362,0.0019332300439861,0.0019332300439861
768,-0.0015039686228515506,0.005601809728974,0.0051279479346244,0.0018567037115247,0.0018567037115247
769,-0.015932685290175302,0.0022082812476994,0.0024917643048953,0.0018188535013722,0.0018188535013722
770,-0.011631874862247194,0.0038227601047076,0.003810992692193,0.0018221259853648,0.0018221259853648
771,-0.014775406747650925,0.0040919296747693,0.0039370940231605,0.0017423886940891,0.0017423886940891
772,-0.006065921674441672,0.0029280640051324,0.0031513240326053,0.0017143175771265,0.0017143175771265
773,-0.0010224389559730742,0.0031825201495915,0.0033134641837501,0.0017160309677858,0.0017160309677858
774,-0.0003744730323125393,0.0028270484719064,0.0030508654211125,0.0017294221326903,0.0017294221326903
775,-0.020348586529952858,0.0045990161141986,0.0043572033751865,0.0016552966168757,0.0016552966168757
776,-0.011968953822487482,0.0034741868737124,0.0034742098703203,0.0015749078233835,0.0015749078233835
777,0.020816046822444586,-0.0002138857319327,0.0008680868494958,0.0017457767662136,0.0017457767662136
778,0.003969183731380504,0.0052323913029289,0.0048712490244625,0.0017529280783843,0.0017529280783843
779,0.01666256570502756,0.0001539532669525,0.001038708728626,0.0018369320002045,0.0018369320002045
780,0.01283711255571105,0.0044534703186388,0.004343230605087,0.0018780930767755,0.0018780930767755
781,0.020555307646670264,0.0010996486256975,0.0017116581829156,0.0019436823338656,0.0019436823338656
782,0.02862485227494783,0.0025538312312356,0.0029289946325096,0.002062053754294,0.002062053754294
783,0.03457462189847199,0.001530776712054,0.0021192006300886,0.0021818193621803,0.0021818193621803
784,0.021160792526759818,0.0039252244643836,0.0039129418242694,0.0022097520850611,0.0022097520850611
785,0.01755974147021926,0.0028432609620971,0.0030738447202414,0.0022038572352526,0.0022038572352526
786,0.037210809675076194,0.0014208330286037,0.0021182712314287,0.0023215444961743,0.0023215444961743
787,0.003997519525933098,0.0051242039759183,0.0047786836215165,0.0022858434451477,0.0022858434451477
788,-0.008070387123725367,0.0035869521913317,0.0036168401450055,0.0021904942002804,0.0021904942002804
789,-0.0013931439274707455,0.0038497604846821,0.003834814918708,0.0021393183488601,0.0021393183488601
790,-0.00177094064363608,0.003928231074793,0.0038394014058057,0.0020730782463196,0.0020730782463196
791,0.02068285711456572,0.0011759686467181,0.001891457425777,0.0021617196267914,0.0021617196267914
792,0.02277254560838729,0.0036561140466568,0.0036959830673731,0.0022193570586622,0.0022193570586622
793,0.03134043712796553,0.0012376955359441,0.0019219826440898,0.0023194860906858,0.0023194860906858
794,0.024450989317479917,0.0031281717879311,0.0033768181459248,0.0024075255166706,0.0024075255166706
795,0.0015022534187340353,0.0041194471062144,0.0040360766584754,0.0023603166178385,0.0023603166178385
796,0.019415348235979485,0.0005172243348146,0.0014653962038941,0.00248215983562,0.00248215983562
797,-0.0043547629799483185,0.0059160930661588,0.0053732499129747,0.0024408659854724,0.0024408659854724
798,0.002991243819748838,0.0015212779290227,0.0021478217362513,0.0024346576045486,0.0024346576045486
799,-0.00047676252042059213,0.0056115934850057,0.0051614034604709,0.0023700567497207,0.0023700567497207
800,0.0397979613360581,-0.0012902372151403,2.93705737763991e-05,0.0025349061732325,0.0025349061732325
801,0.003249712997191327,0.0071714408666328,0.0064418611581708,0.0024948767848993,0.0024948767848993
802,0.005404516034934901,0.0007116865618804,0.0014586595990506,0.0024858265767836,0.0024858265767836
803,-0.004633471623345654,0.0061406139671028,0.0056323805620142,0.002428739311935,0.002428739311935
804,-0.010783622197475572,0.0026877045717952,0.0028235869633495,0.0023580231606953,0.0023580231606953
805,0.0005022109317792079,0.0037312364553761,0.0038293162487493,0.0023582294464082,0.0023582294464082
806,0.019445495073230654,0.0013288284215946,0.001931952095461,0.0024489105923395,0.0024489105923395
807,0.028933315662904215,0.0025226274167317,0.0029954527323108,0.0025655339666919,0.0025655339666919
808,0.00530521091699474,0.0042811141580914,0.0041120702148443,0.0025412714236184,0.0025412714236184
809,0.010438586327125238,0.0024697118851109,0.0028453215472689,0.0025530757254256,0.0025530757254256
810,-0.0008425926032540914,0.0038571284959694,0.0038745807232913,0.002555029036641,0.002555029036641
811,-0.017859693954616306,0.0043954965464295,0.0042659350614967,0.0024691342281811,0.0024691342281811
812,0.004243428233095624,0.001604935279675,0.0022068065698178,0.0025196060910197,0.0025196060910197
813,-0.011944799542067314,0.0061958768937227,0.0056011156845767,0.0024225721028286,0.0024225721028286
814,0.021548019996883144,-0.0004399613557853,0.0006440146597459,0.0025147302984583,0.0025147302984583
815,0.0049732259357331485,0.0061834428317819,0.0056159444739529,0.0025011726623649,0.0025011726623649
816,0.0020724753459964483,0.0015730849257132,0.0020608151342239,0.0024906999550819,0.0024906999550819
817,-0.015832143597978212,0.0060248060594781,0.0055719923658408,0.0024061348285499,0.0024061348285499
818,3.350421876557506e-05,0.0013383075298229,0.0019296250865825,0.002403692988272,0.002403692988272
819,0.01119845274044196,0.0031430471746302,0.0034771287985677,0.0024771481841103,0.0024771481841103
820,0.00431497561351318,0.0030760732727802,0.0032152992462662,0.0024918159418247,0.0024918159418247
821,0.010320782133707426,0.0030958815922041,0.0032680820164739,0.0025169593362289,0.0025169593362289
822,0.0036093866582754177,0.0037190287177095,0.0037159107293652,0.0025067220656251,0.0025067220656251
823,0.019958352911940428,0.0016484796111989,0.0022727735207984,0.0025804799712564,0.0025804799712564
824,-0.013649801458440084,0.0038490149531236,0.0038776083135205,0.0026125465187879,0.0026125465187879
825,-0.04566061236486112,0.0074989389217813,0.0064963926766019,0.0023616216307447,0.0023616216307447
826,-0.008605315413098419,0.0010855201496675,0.0017706427689859,0.0023212382520607,0.0023212382520607
