"","f.arima","f.arch","f.lm","f.gam"
"1",0.0249973408447528,0.0249973408447528,0.0249973408447528,0.0249973408447528
"2",0.00426178017539078,0.00472826945895135,0.00036001399398475,0.00036001399398475
"3",0.00302760189238944,0.00338407316314767,0.000319028483425496,0.000319028483425496
"4",0.00176199016875389,0.00212802174208347,0.000165273771170093,0.000165273771170093
"5",0.00503280355711658,0.00562723627906071,0.000356465418458615,0.000356465418458615
"6",0.00297536858841164,0.00325060818059998,0.0002979041145049,0.0002979041145049
"7",0.00447147580096584,0.00493767268296285,0.00041899170089203,0.00041899170089203
"8",0.00374498328066927,0.00407763452094046,0.000442895654953381,0.000442895654953381
"9",0.00552293097091597,0.00592712490269378,0.000654958312570383,0.000654958312570383
"10",0.00444285249344663,0.00464429313250082,0.000722476049115675,0.000722476049115675
"11",0.00415129528370953,0.0043734861524301,0.000767606145073958,0.000767606145073958
"12",0.00506785080937714,0.00540343378871091,0.000912864015132887,0.000912864015132887
"13",0.00255337501228984,0.00284951893048103,0.000797468925848221,0.000797468925848221
"14",0.00412316072783063,0.00462938812930466,0.000878466734935117,0.000878466734935117
"15",0.00457335773098144,0.00492921506153535,0.000975981506115004,0.000975981506115004
"16",0.00647693339654402,0.00680568329918913,0.00124767829925784,0.00124767829925784
"17",0.00595007893526024,0.00601449937512044,0.00141537199809795,0.00141537199809795
"18",0.00465608488419445,0.0046650869842831,0.0014592138430335,0.0014592138430335
"19",0.00448944063288223,0.00480397101497942,0.00152297406234201,0.00152297406234201
"20",0.00655511349347738,0.00701304110847611,0.00177984018241305,0.00177984018241305
"21",0.00868203915076297,0.00905092932248337,0.00215804318919773,0.00215804318919773
"22",-0.00108067681722743,-0.000784305141013343,0.00160056221622109,0.00160056221622109
"23",0.00593690687182711,0.00721211615483818,0.00202707934283073,0.00202707934283073
"24",0.00692875840178195,0.00340612438739452,0.00186259745613782,0.00186259745613782
"25",0.000661093473460972,0.000976554291088591,0.00147256478154927,0.00147256478154927
"26",0.00245296232431786,0.00352863506674056,0.00140469196177587,0.00140469196177587
"27",0.00381054019890777,0.00479126945780466,0.00147846353844306,0.00147846353844306
"28",0.00696618211420437,0.00796174974399826,0.0018939641596037,0.0018939641596037
"29",0.00219860085258495,0.00203658493265588,0.00161507346055046,0.00161507346055046
"30",0.00297832793179027,0.00360772318970897,0.00153315964687794,0.00153315964687794
"31",0.00419275801609325,0.00492636949310622,0.00162129074058582,0.00162129074058582
"32",0.0042099841833622,0.00479511839511628,0.00169567192892001,0.00169567192892001
"33",0.00584047169339696,0.00650636045097313,0.00196781397155429,0.00196781397155429
"34",0.00442325710435849,0.00488583284524402,0.00204283736345256,0.00204283736345256
"35",0.00272395546284374,0.00292378870480194,0.00188175056433947,0.00188175056433947
"36",0.00189149936837557,0.00207062218108389,0.00163201658251324,0.00163201658251324
"37",0.00460010512302862,0.00557305332853014,0.00177529493920956,0.00177529493920956
"38",0.0027812805325431,0.00296804227005694,0.00162897496693653,0.00162897496693653
"39",0.000612997432442989,0.000371335590578573,0.00121157823781423,0.00121157823781423
"40",0.00512935946932691,0.00655915139085923,0.00146204863666747,0.00146204863666747
"41",0.000883211540716577,2.31741188915432e-05,0.000929707790975298,0.000929707790975298
"42",0.00381967665356495,0.00471015222281546,0.00103435681511258,0.00103435681511258
"43",0.00527468306669988,0.00702516237610245,0.00140857448029826,0.00140857448029826
"44",0.00339016773313494,0.00342503718296523,0.00136181194197159,0.00136181194197159
"45",0.0039332851599729,0.00477532342480832,0.00143568260829233,0.00143568260829233
"46",0.00329346545861794,0.0034986210914682,0.00136280347193743,0.00136280347193743
"47",0.00312758307626399,0.00332941502915422,0.00125791169560532,0.00125791169560532
"48",0.00269348626221856,0.00258420866727676,0.00107110141196413,0.00107110141196413
"49",0.00335144065356928,0.003837593150423,0.0010343059616947,0.0010343059616947
"50",0.00366191638257746,0.00430000151855057,0.00106583113528033,0.00106583113528033
"51",0.00342490382260715,0.00383708763115539,0.00104682189798162,0.00104682189798162
"52",0.00277127950672991,0.00270644477762156,0.000893187832090997,0.000893187832090997
"53",0.00354391535812918,0.00420709102047701,0.000907351133905888,0.000907351133905888
"54",0.00337680402448467,0.00378002894299805,0.000887551903167677,0.000887551903167677
"55",0.00359574072234341,0.00421483309290999,0.000914351510902293,0.000914351510902293
"56",0.00438093326144223,0.00558527161904286,0.00110212549256601,0.00110212549256601
"57",0.00407636043434443,0.00488303373503426,0.00121457086081361,0.00121457086081361
"58",0.00372081898750851,0.00429912781003375,0.00125006632601535,0.00125006632601535
"59",0.00402777130678067,0.00489424742042882,0.00134338158235056,0.00134338158235056
"60",0.00382190691804305,0.0044684811914961,0.00139196541391329,0.00139196541391329
"61",0.00504912381135378,0.00658107027786217,0.00166039717977159,0.00166039717977159
"62",0.00308572901421132,0.00300880226364254,0.00154715957492822,0.00154715957492822
"63",0.00436983361857097,0.00550189154726835,0.00170019182990624,0.00170019182990624
"64",0.0036649659851296,0.00414063454708237,0.00170127191451211,0.00170127191451211
"65",0.00340701413085779,0.00372782290958165,0.00164731149593867,0.00164731149593867
"66",0.00271207630936023,0.0025085847202742,0.00145519901225139,0.00145519901225139
"67",0.00401010933860545,0.00490784175130999,0.0015404310967921,0.0015404310967921
"68",0.00329864679733586,0.00353052117453894,0.00147214255911806,0.00147214255911806
"69",0.00272122251091592,0.0025581057292851,0.00128872051850119,0.00128872051850119
"70",0.00178073143126993,0.00130427098462721,0.000989480802054613,0.000989480802054613
"71",0.00393382337134336,0.00498720172619,0.00108763442424761,0.00108763442424761
"72",0.00355661160301015,0.00407598786831383,0.00109981052771419,0.00109981052771419
"73",0.00319027713413963,0.00345587082901123,0.00103893982322021,0.00103893982322021
"74",0.00363488128966399,0.00428807637091282,0.00106812328403581,0.00106812328403581
"75",0.00455831464647633,0.00589643661243757,0.00127625782590305,0.00127625782590305
"76",0.00322266469067885,0.00339086738475212,0.00121379619244555,0.00121379619244555
"77",0.00235491868258601,0.00199103667876502,0.000986697028587543,0.000986697028587543
"78",0.00339907511211501,0.00401039091670789,0.000971993577187375,0.000971993577187375
"79",0.0039791977295713,0.00489370028269901,0.00107164780505256,0.00107164780505256
"80",0.00296227456827702,0.00296071253281854,0.000969730860261008,0.000969730860261008
"81",0.00340422758756383,0.00396344173585852,0.000958295227611724,0.000958295227611724
"82",0.00383348234153039,0.00464390716378641,0.00103239318183724,0.00103239318183724
"83",0.00308698640832763,0.00321161832451068,0.000956762347015905,0.000956762347015905
"84",0.00255232561901258,0.00241559447290163,0.00078353262788381,0.00078353262788381
"85",0.00289298743568997,0.00314591235287925,0.000687101155990654,0.000687101155990654
"86",0.00353787341431836,0.00424186988151216,0.000715913794443752,0.000715913794443752
"87",0.00339012340228879,0.00385426615187622,0.000717133973378154,0.000717133973378154
"88",0.00369145001780807,0.00444748354308759,0.000774334516940453,0.000774334516940453
"89",0.00462920868140424,0.00606858948254645,0.000998961080022179,0.000998961080022179
"90",0.00386440213498475,0.00446742710001095,0.00107379745762451,0.00107379745762451
"91",0.00334776626353784,0.00370294204770269,0.00105257417083215,0.00105257417083215
"92",0.00340623068586233,0.00389529621086086,0.00104204459470454,0.00104204459470454
"93",0.00290273438128543,0.00296437788927636,0.000943521219641135,0.000943521219641135
"94",0.0037328173584778,0.00458172183163134,0.00099572843822323,0.00099572843822323
"95",0.00324020118819701,0.00350866596327917,0.000959331914727616,0.000959331914727616
"96",0.00320946674163706,0.00357683960032946,0.000918706208943113,0.000918706208943113
"97",0.00295401623685483,0.00311054122829745,0.000835424877425728,0.000835424877425728
"98",0.0034814626871613,0.0041294119847084,0.000848714692788795,0.000848714692788795
"99",0.00389106139850011,0.00476553875362644,0.000934541280421043,0.000934541280421043
"100",0.00326431759031145,0.00354406448949342,0.000906893889306846,0.000906893889306846
"101",0.00336839873509798,0.00387783920782114,0.000898085211168625,0.000898085211168625
"102",0.00326773619048979,0.00365768326931837,0.000872344760858651,0.000872344760858651
"103",0.00327265115646087,0.00369730744477296,0.000848749565495856,0.000848749565495856
"104",0.00320341811658574,0.00357047588498859,0.000814388876530556,0.000814388876530556
"105",0.00327947543865774,0.00373076585169161,0.000795067528820631,0.000795067528820631
"106",0.00358093841830968,0.0042717947764063,0.000829654723360123,0.000829654723360123
"107",0.0031376771945964,0.00339139196619318,0.000785775883915986,0.000785775883915986
"108",0.0029398449433856,0.00313692800717683,0.000709374585418045,0.000709374585418045
"109",0.00342951410077298,0.00408011889638052,0.00072138151633491,0.00072138151633491
"110",0.00259236294501497,0.00242527144769398,0.000588158390582637,0.000588158390582637
"111",0.000589691559056372,-0.000965668560695865,0.000160247966627285,0.000160247966627285
"112",0.00285562007826682,0.00361908847388302,0.000102988288879377,0.000102988288879377
"113",0.00199292936256649,0.00171845619941937,-6.3792500021702e-05,-6.3792500021702e-05
"114",0.00340745660140905,0.0044425322764628,-7.65764436027726e-06,-7.65764436027726e-06
"115",0.00323975697563317,0.00369583563175564,2.61531331181841e-07,2.61531331181841e-07
"116",0.00262881344383112,0.0027177238168175,-7.89247146175884e-05,-7.89247146175884e-05
"117",0.00386930618815925,0.00495112072248924,2.72924012837414e-05,2.72924012837414e-05
"118",0.00323103954611109,0.00357654033566883,2.8064931016706e-05,2.8064931016706e-05
"119",0.00330177946684883,0.00390452487421201,4.77269751836228e-05,4.77269751836228e-05
"120",0.00268913523005844,0.00285655017656403,-2.03393627473299e-05,-2.03393627473299e-05
"121",0.00280613287544395,0.00323187105376769,-6.10071461100096e-05,-6.10071461100096e-05
"122",0.00302217471802937,0.00356260727925652,-6.99672767127081e-05,-6.99672767127081e-05
"123",0.00225999402810832,0.00212392075954823,-0.000197215424033316,-0.000197215424033316
"124",0.00409924844522076,0.00542946360177888,-4.7389757637622e-05,-4.7389757637622e-05
"125",0.00311972229134917,0.00333657956277325,-6.24971944353575e-05,-6.24971944353575e-05
"126",0.00425968448638315,0.00554377403371433,0.000104891633937805,0.000104891633937805
"127",0.00323248254674935,0.00351131949946758,9.8589439833827e-05,9.8589439833827e-05
"128",0.00224982814667406,0.0021329007747168,-3.84819266286834e-05,-3.84819266286834e-05
"129",0.00316294619220473,0.00385848077718963,-2.75992484363129e-05,-2.75992484363129e-05
"130",0.0030215141059185,0.00343782370909024,-4.35130654925925e-05,-4.35130654925925e-05
"131",0.00327829563942913,0.00391838650889283,-1.91887494787801e-05,-1.91887494787801e-05
"132",0.00256222903737842,0.00263228648188496,-0.000105853223292768,-0.000105853223292768
"133",0.00254106318606221,0.00281675592067527,-0.000180398121162878,-0.000180398121162878
"134",0.00321801635256675,0.00395478332511791,-0.000152799711224345,-0.000152799711224345
"135",0.00270399491516291,0.00289085633004406,-0.000211652451919525,-0.000211652451919525
"136",0.00301897630407315,0.00358980258098968,-0.00021415335973007,-0.00021415335973007
"137",0.00384576797301096,0.00489407792944251,-9.92622168987569e-05,-9.92622168987569e-05
"138",0.00311337816243048,0.00340690498392782,-0.000108261563202144,-0.000108261563202144
"139",0.00252732096352604,0.00258896888609244,-0.000197337133271545,-0.000197337133271545
"140",0.00132067090219419,0.00065937419070815,-0.000446452624013472,-0.000446452624013472
"141",0.00275265792598786,0.00342780228210442,-0.000468730446931457,-0.000468730446931457
"142",0.006848963587306,0.0101513945929802,0.000109793873991908,0.000109793873991908
"143",0.00497609881554081,0.00547424740299477,0.00034389729896236,0.00034389729896236
"144",0.00404271045216319,0.00474568385877786,0.000447978500997964,0.000447978500997964
"145",0.0021653485586283,0.0019170831733769,0.000319559361454251,0.000319559361454251
"146",0.00381425246030604,0.00479373733125857,0.000394745017359247,0.000394745017359247
"147",0.00235877350264866,0.00222871362899764,0.000288865469879004,0.000288865469879004
"148",0.00309439109717489,0.00363712969508016,0.000276405880633671,0.000276405880633671
"149",0.00345207178162988,0.00404139602797527,0.000310349975424342,0.000310349975424342
"150",0.00327918973542589,0.00373368827142576,0.00032234267201157,0.00032234267201157
"151",0.00285209071463278,0.00310745996328375,0.000280605816269268,0.000280605816269268
"152",0.00377213873231423,0.0046023785173343,0.000354587812912296,0.000354587812912296
"153",0.00282085696894488,0.00296572511386785,0.000308560479098408,0.000308560479098408
"154",0.00323580809563245,0.0037895488283076,0.000314803943713315,0.000314803943713315
"155",0.00272072889352504,0.00290289645116454,0.000257029866145869,0.000257029866145869
"156",0.00178461351954767,0.00155397658358384,8.60159197312305e-05,8.60159197312305e-05
"157",0.00322985859749988,0.00394342559621482,9.75345115415398e-05,9.75345115415398e-05
"158",0.00379875388267054,0.00456745645682548,0.00018134230782824,0.00018134230782824
"159",0.00211164023254023,0.00187534954189765,5.33806134650223e-05,5.33806134650223e-05
"160",0.00334018182918347,0.00410208949580951,8.10249828783974e-05,8.10249828783974e-05
"161",0.00294437535720567,0.00322589426000788,6.01167445624792e-05,6.01167445624792e-05
"162",0.0026563484893116,0.00288767083695674,3.394281494205e-06,3.394281494205e-06
"163",0.00249213292904359,0.00267486242024886,-7.16985324901095e-05,-7.16985324901095e-05
"164",0.00311675481602685,0.00367328774975669,-6.67457736048772e-05,-6.67457736048772e-05
"165",0.00309589758159279,0.00352589349025483,-6.33681852496171e-05,-6.33681852496171e-05
"166",0.00195776349372133,0.00177416103884338,-0.00020111898306069,-0.00020111898306069
"167",0.00281724030288083,0.00332663247153679,-0.000229224092543229,-0.000229224092543229
"168",0.00285165150427119,0.0031968673009546,-0.000250556316644212,-0.000250556316644212
"169",0.00135940756289287,0.000894195379914253,-0.000452467195057845,-0.000452467195057845
"170",0.00166458860430692,0.0016675692750777,-0.000605530279227914,-0.000605530279227914
"171",0.00305237151826424,0.00372795965710155,-0.000591872222500414,-0.000591872222500414
"172",0.00121673257894673,0.000660675554462622,-0.000790411941265925,-0.000790411941265925
"173",0.00377496598302928,0.00491230872466749,-0.000683836946441712,-0.000683836946441712
"174",0.00298367270852811,0.00328342223599579,-0.00067171075770897,-0.00067171075770897
"175",0.00432577255279516,0.00544997256598403,-0.000504118343793856,-0.000504118343793856
"176",0.00254087707102934,0.00257733378397567,-0.000550378654395928,-0.000550378654395928
"177",0.00411566980326664,0.00520246632171514,-0.000404935567609292,-0.000404935567609292
"178",0.00229482972873983,0.00213189709247391,-0.000496939453525546,-0.000496939453525546
"179",0.00230018875611353,0.00253601717577926,-0.000570870943498419,-0.000570870943498419
"180",0.00249974022509342,0.00280442055687413,-0.000617631909253424,-0.000617631909253424
"181",0.00280332816245581,0.00322496845408954,-0.000627533454468023,-0.000627533454468023
"182",0.00246378324468385,0.00265906895483559,-0.000679735467396402,-0.000679735467396402
"183",0.00362411059332862,0.00447833003835742,-0.000587898512110444,-0.000587898512110444
"184",0.0034943806547076,0.00404446409350557,-0.000522702767183177,-0.000522702767183177
"185",0.00276712296143757,0.00299006929469185,-0.000545808807858075,-0.000545808807858075
"186",0.00294397193791209,0.0034025033168553,-0.000541977462691401,-0.000541977462691401
"187",0.00219562614600758,0.00222656108432979,-0.000629054805338425,-0.000629054805338425
"188",0.00237031086642079,0.00265206804723091,-0.000686564293750089,-0.000686564293750089
"189",0.00274519946934116,0.00317123104059538,-0.000698933897984031,-0.000698933897984031
"190",0.00278285357035494,0.00315820087721322,-0.000708808848691035,-0.000708808848691035
"191",0.00308136973821157,0.00361069767033132,-0.000683164678272681,-0.000683164678272681
"192",0.00213506738608373,0.00211486152454767,-0.000772260760796339,-0.000772260760796339
"193",0.00295220287083904,0.00355483721480552,-0.000755194009192012,-0.000755194009192012
"194",0.00190692660889816,0.00179561267740945,-0.000868071415601845,-0.000868071415601845
"195",0.00159495898434473,0.00157168042505541,-0.00100174893766179,-0.00100174893766179
"196",0.00545056434033142,0.00740449088100201,-0.000664247918816376,-0.000664247918816376
"197",0.00235180622305716,0.00218543803312626,-0.000729321874511111,-0.000729321874511111
"198",0.00296939538716073,0.0035437134871513,-0.000714554923821906,-0.000714554923821906
"199",0.00266166103579584,0.00296676606290369,-0.000740028356066123,-0.000740028356066123
"200",0.0041178975001919,0.00523131909217999,-0.000570101191923345,-0.000570101191923345
"201",0.00222909201946702,0.00218805713863627,-0.000659422263573415,-0.000659422263573415
"202",0.00260804553001674,0.00298970999941055,-0.000695664177023981,-0.000695664177023981
"203",0.00263543750553812,0.00297082522254781,-0.000725953335129755,-0.000725953335129755
"204",0.0028273320872602,0.00326799284856786,-0.00072876854677169,-0.00072876854677169
"205",0.00298564830333201,0.00348985917360573,-0.000709458517702435,-0.000709458517702435
"206",0.0030117167602749,0.00351442280883497,-0.000686868367615068,-0.000686868367615068
"207",0.00310515331622941,0.00365612536727604,-0.000652202267629113,-0.000652202267629113
"208",0.00228164477365384,0.00238558577653656,-0.000730368265004123,-0.000730368265004123
"209",0.00264308363832739,0.00304012813039625,-0.00075746793957578,-0.00075746793957578
"210",0.00282996845544693,0.00327863356155041,-0.000757558119685434,-0.000757558119685434
"211",0.00201025497106042,0.00200603304849822,-0.000867716633772763,-0.000867716633772763
"212",0.00408332543664129,0.00527754730473074,-0.000689115572373348,-0.000689115572373348
"213",0.00287332372567948,0.00317369375772149,-0.000683023922943247,-0.000683023922943247
"214",0.00282900285378762,0.00326651666036408,-0.000684997757524185,-0.000684997757524185
"215",0.00412108646013043,0.00521909910010206,-0.000505751149776939,-0.000505751149776939
"216",0.00413603014351234,0.00505774071097106,-0.000337230120083216,-0.000337230120083216
"217",0.00251639575123064,0.0025990461605916,-0.000391071203874145,-0.000391071203874145
"218",0.00219756475314771,0.00233440653522003,-0.000487192238382118,-0.000487192238382118
"219",0.00398772286552359,0.00509692272661071,-0.000337011709329644,-0.000337011709329644
"220",0.00241589888904125,0.00242108388026102,-0.00040678835146532,-0.00040678835146532
"221",0.00332316021205839,0.00406136195415187,-0.00034856911557575,-0.00034856911557575
"222",0.00269064193216271,0.00294943291608071,-0.000380407556874078,-0.000380407556874078
"223",0.0049429046793384,0.00642152695204943,-8.66506724733086e-05,-8.66506724733086e-05
"224",0.00286153373505713,0.00302353689354873,-0.000102006351069544,-0.000102006351069544
"225",0.0027165441785897,0.00306845696593173,-0.000140850574657578,-0.000140850574657578
"226",0.00339475825867716,0.00407695216634469,-7.8712948042267e-05,-7.8712948042267e-05
"227",0.00297373843009296,0.00335663067289955,-7.96496411687147e-05,-7.96496411687147e-05
"228",0.00243252352471532,0.00261378747006974,-0.000160405255085408,-0.000160405255085408
"229",0.00273662125456758,0.0031427908027331,-0.000193819813075635,-0.000193819813075635
"230",0.00316967666300552,0.00374518367334533,-0.000162190092980759,-0.000162190092980759
"231",0.00276208719931963,0.00307649149369766,-0.000190416549805651,-0.000190416549805651
"232",0.00221695906533784,0.00232439634454081,-0.000296667641098279,-0.000296667641098279
"233",0.00300467939938203,0.00358772633484985,-0.000285463258123942,-0.000285463258123942
"234",0.00262306609980771,0.00289042224803254,-0.000328629102044194,-0.000328629102044194
"235",0.00357914301605541,0.0043971938680992,-0.000231165012616164,-0.000231165012616164
"236",0.00370484370873951,0.00443465380023847,-0.000119589305808018,-0.000119589305808018
"237",0.00420709194322354,0.0051868555445588,5.41320705682172e-05,5.41320705682172e-05
"238",0.00269513749003159,0.00283730777512885,1.26283332317415e-05,1.26283332317415e-05
"239",0.00350887692544567,0.00425909221950273,8.52755135937206e-05,8.52755135937206e-05
"240",0.00256670528457872,0.00273148873864344,2.29012081816408e-05,2.29012081816408e-05
"241",0.00306974462179204,0.00360548366204371,3.33161366422117e-05,3.33161366422117e-05
"242",0.00280501415580273,0.00314320526563671,6.53378198819596e-06,6.53378198819596e-06
"243",0.00258119869066882,0.00284461660309709,-5.10794854262234e-05,-5.10794854262234e-05
"244",0.00293990826903514,0.00340980405270117,-5.58275474614768e-05,-5.58275474614768e-05
"245",0.00405514497900171,0.0050448059643206,9.84627536362477e-05,9.84627536362477e-05
"246",0.00329373506952696,0.00375517005525291,0.000140498987722856,0.000140498987722856
"247",0.00309747773534662,0.00356545422527983,0.00015246925879153,0.00015246925879153
"248",0.00321230052133097,0.00375375332065322,0.000179930968354136,0.000179930968354136
"249",0.00357660783504441,0.00428761089186044,0.000257405429285474,0.000257405429285474
"250",0.00231334342359338,0.00233583906807367,0.000155053192906851,0.000155053192906851
"251",0.00392610893552837,0.00491611711335231,0.000286613649196564,0.000286613649196564
"252",0.00317166829865493,0.00357707734352442,0.000305813207001733,0.000305813207001733
"253",0.00277542750472481,0.00309081295634161,0.00026585707017987,0.00026585707017987
"254",0.00327745828850489,0.00388486319221412,0.000299866601632181,0.000299866601632181
"255",0.00203515676035065,0.00196106321128088,0.000151509813026416,0.000151509813026416
"256",0.00305803272993766,0.00364474170534819,0.000157214583404897,0.000157214583404897
"257",0.00246389344494815,0.00263126416112452,7.71586075661379e-05,7.71586075661379e-05
"258",0.00399880504511099,0.00497917664010812,0.0002286877095438,0.0002286877095438
"259",0.00186876692936778,0.00168591214928317,4.34482033696282e-05,4.34482033696282e-05
"260",0.00296402588126431,0.00349054825893807,3.93104375601798e-05,3.93104375601798e-05
"261",0.00313261039266443,0.00363950935019666,6.41498334941681e-05,6.41498334941681e-05
"262",0.00289591605105179,0.00328446830234991,5.04507017516261e-05,5.04507017516261e-05
"263",0.00360096025664411,0.00434240910092572,0.000150503781586929,0.000150503781586929
"264",0.00234186322506359,0.00243310357444824,4.21447166796436e-05,4.21447166796436e-05
"265",0.00222011960029726,0.00237965151727101,-7.88821516947216e-05,-7.88821516947216e-05
"266",0.00173825889108502,0.00167330184705874,-0.000261455366889096,-0.000261455366889096
"267",0.00292030231505371,0.00344499235906813,-0.000258748811086504,-0.000258748811086504
"268",0.00264304913128902,0.00295829550260324,-0.000296099498673271,-0.000296099498673271
"269",0.00242337012884128,0.00265718849771275,-0.000364790848230703,-0.000364790848230703
"270",0.00375430690268193,0.00463710020524104,-0.000228810708198292,-0.000228810708198292
"271",0.00285959286788991,0.00322463922238044,-0.00023305763645638,-0.00023305763645638
"272",0.00249963454581851,0.00276215634335272,-0.000293294459750381,-0.000293294459750381
"273",0.00286354026469989,0.0033243948632397,-0.000295764669705561,-0.000295764669705561
"274",0.00357203498776628,0.00433751751709953,-0.000189108835472919,-0.000189108835472919
"275",0.00306737088085413,0.00352966478752929,-0.000162744031783922,-0.000162744031783922
"276",0.00229810264270492,0.00244331372446844,-0.000255313192710137,-0.000255313192710137
"277",0.000729432584367138,0.000198214421683037,-0.00056240923001573,-0.00056240923001573
"278",0.00249076002891399,0.00296545629507321,-0.000607859742441989,-0.000607859742441989
"279",0.00262878369372039,0.00300426362499939,-0.000629677377538426,-0.000629677377538426
"280",0.00290128132070436,0.00340873505695257,-0.000612774171340954,-0.000612774171340954
"281",-0.0058492891650464,-0.00627493785770882,-0.00184031270327749,-0.00184031270327749
"282",0.00145946599065348,0.00643768779827561,-0.00133748071505319,-0.00133748071505319
"283",0.00846991902527048,-0.00353277247319417,-0.00158599073474298,-0.00158599073474298
"284",-0.0040413658699847,-0.00207934066739914,-0.00147749475115664,-0.00147749475115664
"285",0.0117788283948673,0.00427592181556098,-0.00166698424861453,-0.00166698424861453
"286",-0.00800873402742691,-0.00167795649320363,-0.00146303892721844,-0.00146303892721844
"287",0.0102323597241907,0.00569752166395168,-0.00143422441089586,-0.00143422441089586
"288",-0.0108242251660047,-0.00707219363048148,-0.000984744318288491,-0.000984744318288491
"289",0.0137213565902753,0.0110060787292271,-0.000971751708067472,-0.000971751708067472
"290",-0.0063364850401105,-0.00323744834615606,-0.000992702628489445,-0.000992702628489445
"291",0.0129280945782443,0.0106014073237558,-0.00117946323495833,-0.00117946323495833
"292",-0.011755964031826,-0.00845163623633756,-0.000819870926557258,-0.000819870926557258
"293",0.0133860122558659,0.0108419361169078,-0.000695942683751283,-0.000695942683751283
"294",-0.00581447071918906,-0.00308854807133408,-0.000731192319713899,-0.000731192319713899
"295",0.00989180119065026,0.00762647455783029,-0.000704183627659732,-0.000704183627659732
"296",-0.000178826293844621,0.00113638170039362,-0.000887744523731256,-0.000887744523731256
"297",0.00610920056613713,0.00486878005520384,-0.000943022183626767,-0.000943022183626767
"298",0.00222153981816942,0.00299863150018535,-0.00113087197376809,-0.00113087197376809
"299",-0.00034630721477945,0.000453072018354955,-0.000860803249208692,-0.000860803249208692
"300",0.0051449475237148,0.00483522273118992,-0.000852614499630738,-0.000852614499630738
"301",-0.000339387492412348,0.000514646965846399,-0.000747914246680733,-0.000747914246680733
"302",0.00442465175843542,0.0043281099226903,-0.000678734390027402,-0.000678734390027402
"303",0.00171257736404844,0.00211855788324597,-0.000712394930441253,-0.000712394930441253
"304",0.00308809964391582,0.00319767433183663,-0.000656284301419755,-0.000656284301419755
"305",0.00297384869097443,0.00310724012171418,-0.000701632299383321,-0.000701632299383321
"306",0.000146291071424942,0.000946506313479353,-0.000448719628166545,-0.000448719628166545
"307",0.00558817268966084,0.00515157844358455,-0.000509807926580499,-0.000509807926580499
"308",-8.85450862619739e-05,0.000768953417940925,-0.000445529453116764,-0.000445529453116764
"309",0.00553840418367932,0.00508622088099091,-0.000478802207962767,-0.000478802207962767
"310",0.00241236422761362,0.00274045194951581,-0.000658648864512707,-0.000658648864512707
"311",0.0029805443587556,0.00308995771995441,-0.000653698144220967,-0.000653698144220967
"312",0.0025476260826312,0.0027903840754101,-0.000646383398341275,-0.000646383398341275
"313",0.00324898655296491,0.0033001189490795,-0.000675071868884489,-0.000675071868884489
"314",0.00234972591550539,0.00264002775479865,-0.000671886155440272,-0.000671886155440272
"315",0.00421344971020184,0.0040324339376001,-0.000785064496552424,-0.000785064496552424
"316",-0.000667305740537933,0.000318761706655043,-0.000563524643665269,-0.000563524643665269
"317",0.0059506606464361,0.00539996347216135,-0.000599985240046178,-0.000599985240046178
"318",-0.000724409050084691,0.000238765656785157,-0.000506292549958996,-0.000506292549958996
"319",0.00626755582851086,0.0056856338215046,-0.00056386390822944,-0.00056386390822944
"320",0.0012894044237028,0.00185337266108506,-0.000690569379725496,-0.000690569379725496
"321",0.00388281593987883,0.00378326540402318,-0.000688232570329585,-0.000688232570329585
"322",0.000612769149829685,0.00130082900344263,-0.000568195907260783,-0.000568195907260783
"323",0.00321413798784997,0.00316156341676329,-0.000424346476664428,-0.000424346476664428
"324",0.00252983933162288,0.00280552226800259,-0.000416015804684863,-0.000416015804684863
"325",0.00291744208884061,0.00305313818616207,-0.000402532572130533,-0.000402532572130533
"326",0.00218061381331756,0.00253264397775137,-0.000346236110605577,-0.000346236110605577
"327",0.0030617273479978,0.00316199305852041,-0.000314134049945124,-0.000314134049945124
"328",0.00277664615610313,0.00302249309324261,-0.000327729659977609,-0.000327729659977609
"329",-0.00110209991445041,1.66251918016017e-05,6.14639044417102e-05,6.14639044417102e-05
"330",0.00676687932096662,0.00604672204446595,5.89704026630802e-06,5.89704026630802e-06
"331",-0.000839196533796005,0.000227832689601775,6.98490300783212e-05,6.98490300783212e-05
"332",0.00545494115431736,0.00502535727150972,0.00011619277927801,0.00011619277927801
"333",0.00123986869491144,0.00186477597742199,8.822058036908e-05,8.822058036908e-05
"334",0.00446232150224225,0.00421023936548352,7.76272544018037e-05,7.76272544018037e-05
"335",0.00127750412998985,0.00190517789435027,0.000122112486158373,0.000122112486158373
"336",0.00380740836602409,0.00377497397090812,0.000163970142125119,0.000163970142125119
"337",-0.000508285850969572,0.000497076797150282,0.000431054826710208,0.000431054826710208
"338",0.0064653934839564,0.0058709865375838,0.000371834945347877,0.000371834945347877
"339",0.00124231688110298,0.00184798145801876,0.000277134618818117,0.000277134618818117
"340",0.00697712322560386,0.00627698812077014,2.9762718205345e-05,2.9762718205345e-05
"341",0.000192148424934841,0.000992710017283269,-2.14300995530856e-05,-2.14300995530856e-05
"342",0.00442000813386718,0.00424384096479579,4.26370758927408e-05,4.26370758927408e-05
"343",-1.36261545545871e-06,0.000862273749125102,0.000204540877089146,0.000204540877089146
"344",0.00388291393866413,0.00374985576141435,0.000355001125808683,0.000355001125808683
"345",0.0039481293928479,0.00393565231011759,0.000201972803471131,0.000201972803471131
"346",0.0019095834271246,0.00232918910753557,0.000223570895902626,0.000223570895902626
"347",0.00290010050801191,0.00312482183873979,0.000308761015618606,0.000308761015618606
"348",0.00291548110758019,0.00311379714529973,0.000319261620211769,0.000319261620211769
"349",0.00285986547267992,0.00309005009424058,0.000334668200192658,0.000334668200192658
"350",0.00398516292113441,0.0039106158043807,0.000246362936163131,0.000246362936163131
"351",0.00356259171832648,0.00364599927630157,0.000100372856191583,0.000100372856191583
"352",0.00204884836768236,0.00243400845910193,0.000131804350014777,0.000131804350014777
"353",0.00361574073840662,0.00366271282528514,0.000130872177952872,0.000130872177952872
"354",0.00381941898323409,0.00379003461807269,-1.79036111803603e-05,-1.79036111803603e-05
"355",0.00159749852337436,0.00208689686762783,3.50814134248258e-05,3.50814134248258e-05
"356",0.00419290091610334,0.00405271306534291,1.19124779654972e-05,1.19124779654972e-05
"357",0.000774287802485472,0.00140419247953356,0.000126055897724135,0.000126055897724135
"358",0.00355354271338642,0.00357286479107326,0.000240789286964163,0.000240789286964163
"359",0.00286349256868692,0.00314395543351337,0.000191993138866312,0.000191993138866312
"360",0.00211001567566231,0.00248716036201064,0.000272446289492254,0.000272446289492254
"361",0.00442038955465962,0.0042690680555891,0.000192679404885837,0.000192679404885837
"362",-0.000643758790424742,0.000369588204097234,0.000422567595494499,0.000422567595494499
"363",0.00816059328979206,0.00717100584023766,0.00022211019321459,0.00022211019321459
"364",-0.00162398427288331,-0.000402436822698997,0.000258335202303432,0.000258335202303432
"365",0.00613213293751343,0.00560621961257541,0.000295139500085731,0.000295139500085731
"366",0.0010650177747788,0.00169363029116797,0.000239256527164098,0.000239256527164098
"367",0.00429486991157628,0.00418857295295503,0.000248836278245879,0.000248836278245879
"368",0.00156035530299075,0.00213031465873948,0.000269449429474023,0.000269449429474023
"369",0.00396500551752397,0.00390646382045313,0.000273391579121949,0.000273391579121949
"370",0.00223169371748165,0.00259445640791204,0.00026648569788518,0.00026648569788518
"371",0.00315684758792489,0.00331945930325455,0.000296786953419875,0.000296786953419875
"372",0.00478554964937431,0.00452448257359475,0.000113293721737922,0.000113293721737922
"373",0.0008562306871253,0.00154605939701771,0.000163443441347313,0.000163443441347313
"374",0.00450797331284285,0.0043276514466702,0.000163150834609377,0.000163150834609377
"375",0.00218302410008348,0.00254738501733439,0.000114585509583752,0.000114585509583752
"376",0.00317446316476335,0.00330355258700061,0.000140372311470339,0.000140372311470339
"377",0.00240292193305664,0.00271809843646806,0.000166610062846942,0.000166610062846942
"378",0.00358684631449408,0.00361873964201246,0.000140436190841387,0.000140436190841387
"379",0.00266191927709463,0.00290921138770442,0.000113063850142615,0.000113063850142615
"380",0.00338969224877567,0.00346519325740604,8.40011959106664e-05,8.40011959106664e-05
"381",0.00233860681634188,0.00266452875710288,9.758085157675e-05,9.758085157675e-05
"382",0.0036176421674857,0.00363008538198241,7.07712281389538e-05,7.07712281389538e-05
"383",0.000964002031008821,0.00162094613465464,0.000193522645266318,0.000193522645266318
"384",0.00465774290276962,0.00448911377832171,0.000168025625215042,0.000168025625215042
"385",0.00266626396449843,0.00290938912841463,5.99248451971877e-05,5.99248451971877e-05
"386",0.00319647393215274,0.00331983567125121,4.457355332892e-05,4.457355332892e-05
"387",0.00295374912385204,0.00311714146271509,1.33833701470177e-05,1.33833701470177e-05
"388",0.0033509167360975,0.00342602311545764,-3.81009480768394e-05,-3.81009480768394e-05
"389",0.00206005565657772,0.00244478945461693,-2.65818337456206e-06,-2.65818337456206e-06
"390",0.00332360713651496,0.00340533454505163,1.15278138339316e-05,1.15278138339316e-05
"391",0.00271552646336627,0.00293926605090406,-8.69047367362593e-06,-8.69047367362593e-06
"392",0.00264873249050227,0.0028986819645348,1.95052896942473e-05,1.95052896942473e-05
"393",0.00357510983085921,0.0035871445695708,-3.08123973252932e-05,-3.08123973252932e-05
"394",0.00238642199310863,0.00268259330286335,-3.97528303689321e-05,-3.97528303689321e-05
"395",0.00306686356748772,0.00319305391714148,-2.51136804652191e-05,-2.51136804652191e-05
"396",0.00287160753718674,0.00306037896873058,-4.24029340378579e-05,-4.24029340378579e-05
"397",0.00195264197316441,0.00237425308638458,3.55772372502743e-05,3.55772372502743e-05
"398",0.00391488984378762,0.00385799198186248,3.04997496338756e-06,3.04997496338756e-06
"399",0.00144117968435931,0.00196945100416985,5.58588237795392e-05,5.58588237795392e-05
"400",0.00471728505946004,0.00446715555914553,-9.52472673593219e-06,-9.52472673593219e-06
"401",0.00124582835494619,0.00182849126750579,1.7240555413656e-06,1.7240555413656e-06
"402",0.00433961141769146,0.00416681452491702,-1.81447259253323e-05,-1.81447259253323e-05
"403",0.00150622203829139,0.00202966137671991,-3.61971031275637e-06,-3.61971031275637e-06
"404",0.00416042554647664,0.00402221066647388,-2.53760660096436e-05,-2.53760660096436e-05
"405",0.00175067190272539,0.00225258211030172,-2.43005539411869e-05,-2.43005539411869e-05
"406",0.00389574484662023,0.00384476774888013,-4.70628112611742e-05,-4.70628112611742e-05
"407",0.00223101559063351,0.00258722059481541,-7.03559846540859e-05,-7.03559846540859e-05
"408",0.00328198836326885,0.00333530802708019,-6.70205609857406e-05,-6.70205609857406e-05
"409",0.00249562513943723,0.00275618332096609,-6.45394676400558e-05,-6.45394676400558e-05
"410",0.00298626909152012,0.003160672617924,-5.60609200220248e-05,-5.60609200220248e-05
"411",0.00288648476815552,0.00308450465194853,-7.56111574439682e-05,-7.56111574439682e-05
"412",0.0020202507531437,0.00239975911460649,-8.64789284628093e-06,-8.64789284628093e-06
"413",0.00303962583279792,0.00319882039013453,3.10589463967522e-05,3.10589463967522e-05
"414",0.00245748959195321,0.00277259649037041,4.95025387092056e-05,4.95025387092056e-05
"415",0.00338221803561916,0.00346085500372786,2.72222604519564e-05,2.72222604519564e-05
"416",0.0019597957196478,0.00236178669314445,6.94617878558646e-05,6.94617878558646e-05
"417",0.00284579765525602,0.00306408464428939,0.00013272644533715,0.00013272644533715
"418",-0.000591009817401708,0.000441867241222668,0.000442181248188869,0.000442181248188869
"419",0.00608994078418885,0.00554534583996702,0.000409961858951939,0.000409961858951939
"420",-2.38604637422006e-06,0.000890329454327161,0.000448543919790555,0.000448543919790555
"421",0.00527456815909716,0.00492273975974906,0.000446906153843293,0.000446906153843293
"422",0.000500685622663111,0.00126525693800496,0.000500186839275791,0.000500186839275791
"423",0.00353957595057489,0.00362005731785479,0.000614416743981628,0.000614416743981628
"424",0.00464642455164363,0.00443630967996519,0.000431928665473739,0.000431928665473739
"425",0.00111617034773264,0.00178951734534692,0.000469043213135195,0.000469043213135195
"426",0.00450762469372263,0.00433747781740312,0.00045220655543963,0.00045220655543963
"427",0.000151959795461344,0.000996024774873455,0.000586904351054168,0.000586904351054168
"428",0.00515511728852501,0.00484924255331525,0.000587352497813321,0.000587352497813321
"429",0.00194749040971222,0.00227804950919034,0.000542552167788805,0.000542552167788805
"430",0.0034279206408443,0.00353552505230526,0.000576778012399432,0.000576778012399432
"431",0.00299625694288827,0.00310082944329991,0.000551976676001555,0.000551976676001555
"432",0.00248893823748799,0.00280830711105766,0.000597123086191364,0.000597123086191364
"433",0.0049108532057099,0.00454099529562281,0.000474509840665215,0.000474509840665215
"434",0.000989445400759264,0.00169912749368909,0.000514073221763403,0.000514073221763403
"435",0.00388042404391127,0.00385630182885764,0.000558551809896918,0.000558551809896918
"436",0.00229708112047983,0.00267057344155172,0.000552954564331942,0.000552954564331942
"437",0.00322708187400674,0.00336337526514209,0.000571673210711919,0.000571673210711919
"438",0.00269846856978892,0.00296590211380072,0.000576175224502969,0.000576175224502969
"439",0.0020748279672983,0.00257025489888619,0.000659998371903513,0.000659998371903513
"440",0.00453411080678642,0.00435813805468079,0.000581612367323961,0.000581612367323961
"441",0.00246217653125118,0.00278229485284405,0.000522022464233963,0.000522022464233963
"442",0.00300099893245919,0.00319209006268573,0.000548443771613183,0.000548443771613183
"443",0.00390099822036854,0.00387280302669563,0.000463373156751071,0.000463373156751071
"444",0.00172940807224202,0.00225464106930702,0.000497370913649576,0.000497370913649576
"445",0.00395796231626543,0.00391916492747292,0.000485425314468001,0.000485425314468001
"446",0.00189708068572938,0.00233737828635569,0.000507087085706261,0.000507087085706261
"447",0.00499784209904237,0.0047023992972678,0.000401984345242311,0.000401984345242311
"448",0.000973777509800763,0.00163718172468691,0.000429146197624883,0.000429146197624883
"449",0.00485583022390878,0.00466021153041328,0.000384691711916139,0.000384691711916139
"450",0.000794146389715456,0.00141709572357828,0.000437066415202924,0.000437066415202924
"451",0.00480616604936035,0.00458456266907098,0.000419758463669647,0.000419758463669647
"452",0.000853385199678074,0.00150918361564834,0.000469528329107668,0.000469528329107668
"453",0.00460530469707474,0.00452011633816598,0.000453531991318788,0.000453531991318788
"454",0.00081785016870893,0.00149206037067298,0.000511219095548895,0.000511219095548895
"455",0.00600337715502212,0.00563448679940818,0.000385108516777597,0.000385108516777597
"456",0.00430418542952739,0.00395552094416142,8.85777541869831e-05,8.85777541869831e-05
"457",0.000976935819883437,0.00168243121176697,0.000160266588887029,0.000160266588887029
"458",0.00544093042046812,0.00489269220445945,7.52705237854869e-05,7.52705237854869e-05
"459",0.000627081450699849,0.00140392713996476,9.70834914532067e-05,9.70834914532067e-05
"460",0.00408831226085431,0.00402898297595648,0.000123287918233394,0.000123287918233394
"461",0.00266515227216257,0.00291367156303854,5.4162134103709e-05,5.4162134103709e-05
"462",0.00252133832640802,0.00287549362474346,7.90444993490746e-05,7.90444993490746e-05
"463",0.0026533025403384,0.00287324078469271,0.000108527187561378,0.000108527187561378
"464",0.00288751043066152,0.0030886526276979,0.000115853934664564,0.000115853934664564
"465",0.00267887420499496,0.00290943662921601,0.000125279862321904,0.000125279862321904
"466",0.00336964686303476,0.00344353711224051,9.10269437403169e-05,9.10269437403169e-05
"467",0.00131690398207314,0.00192319158348459,0.00017797293065853,0.00017797293065853
"468",0.00362902383163031,0.00368659620715593,0.000202258584379519,0.000202258584379519
"469",0.00179056172396797,0.00224057334333799,0.000239298688980544,0.000239298688980544
"470",0.00367672156728749,0.0037446938904257,0.000233990743648414,0.000233990743648414
"471",0.00232307445938056,0.00261405536299018,0.000226815178882268,0.000226815178882268
"472",0.00279888717987301,0.0031040584336456,0.000259914109307581,0.000259914109307581
"473",0.00341629182757854,0.00344755758969441,0.000216014435852814,0.000216014435852814
"474",0.00396987669559121,0.00390266153611767,9.01555040130958e-05,9.01555040130958e-05
"475",0.0016327140166756,0.00214942022823296,0.000112743727209417,0.000112743727209417
"476",0.00468311028652251,0.00443604942420842,3.20896374828919e-05,3.20896374828919e-05
"477",-0.000247358690798017,0.000705477276165596,0.000160234537506325,0.000160234537506325
"478",0.00534923889133845,0.00495691954256207,0.000146225941769031,0.000146225941769031
"479",0.000806323164660745,0.00151317035292177,0.000152261209048356,0.000152261209048356
"480",0.00428181232749144,0.00413606788260116,0.000158821432683426,0.000158821432683426
"481",0.00222437108062525,0.00243617958229595,0.000134262897928191,0.000134262897928191
"482",0.00302371780590798,0.00316725961322083,0.000167839448541346,0.000167839448541346
"483",0.00291217078578404,0.00312978632087889,0.000148168476578957,0.000148168476578957
"484",0.00329844201129555,0.00337255528379813,0.000104463155595806,0.000104463155595806
"485",0.00272005130280657,0.00289659827704873,8.93512464046125e-05,8.93512464046125e-05
"486",0.00297155604480185,0.00320102131410058,7.95538803103311e-05,7.95538803103311e-05
"487",0.00226373255011174,0.00261875839044527,0.00010677749493602,0.00010677749493602
"488",0.00290530479944404,0.00309400585534739,0.000131922314010853,0.000131922314010853
"489",0.00342726009390603,0.0034444885112202,8.19187305586763e-05,8.19187305586763e-05
"490",0.00220852544576722,0.0025641519179777,9.50858242922082e-05,9.50858242922082e-05
"491",0.00251330988068827,0.00280525320120429,0.000154800808990652,0.000154800808990652
"492",0.00266353646329941,0.00292274722164421,0.000185232740442613,0.000185232740442613
"493",0.00226912084640204,0.0026279942588313,0.000239310020335676,0.000239310020335676
"494",0.00309274987726134,0.00325530050217739,0.000252766327954367,0.000252766327954367
"495",0.00220738913840272,0.00258953220740983,0.000287153052043105,0.000287153052043105
"496",0.00369365222893583,0.00371437478154434,0.000257060237382328,0.000257060237382328
"497",0.00221291443038934,0.00259401461279511,0.000253681189241703,0.000253681189241703
"498",0.00314186983169818,0.00329276181333423,0.000266527346940459,0.000266527346940459
"499",0.00322681192859064,0.00330731925381087,0.000221501869442295,0.000221501869442295
"500",0.00250349779484787,0.00280540665166738,0.000226651949544723,0.000226651949544723
"501",0.00270033960619874,0.00296371031965519,0.000255881711067186,0.000255881711067186
"502",0.00225765830517886,0.00262701657817017,0.00030972333830563,0.00030972333830563
"503",0.00286607022364067,0.00309586185177766,0.000343475865138275,0.000343475865138275
"504",0.000346997493438785,0.00121331895558438,0.00054160326512924,0.00054160326512924
"505",0.00442301388063994,0.00431142241946672,0.000569973957600721,0.000569973957600721
"506",0.00195871169326022,0.00236797047275424,0.000556025680054278,0.000556025680054278
"507",0.00313751871669732,0.00339895642173939,0.000589234333179194,0.000589234333179194
"508",0.00301906002782403,0.00315541166095728,0.000566074831562176,0.000566074831562176
"509",0.00274201063217162,0.00308179011213475,0.000569570329213679,0.000569570329213679
"510",0.00155574789420809,0.00213119776530909,0.000681659613814779,0.000681659613814779
"511",0.00489959191830489,0.00465467777356328,0.000606526868975097,0.000606526868975097
"512",0.00105421422965528,0.00170931862823262,0.000635724663318282,0.000635724663318282
"513",0.00403983200333497,0.0040901460692745,0.000651919960360435,0.000651919960360435
"514",0.00151605089175804,0.00202778864499875,0.000695129982773164,0.000695129982773164
"515",0.00413250598144745,0.00417215960927173,0.000680526439846655,0.000680526439846655
"516",0.00239645031252781,0.00277218226304786,0.000640522076400279,0.000640522076400279
"517",0.00208954129466381,0.00265405217768641,0.00072302389276572,0.00072302389276572
"518",0.00327655727915043,0.00337414918950395,0.000743122823041657,0.000743122823041657
"519",-0.000569570944752326,0.000505120587349089,0.00100575254430381,0.00100575254430381
"520",0.00579196701224752,0.00534265856231348,0.00100124547037703,0.00100124547037703
"521",0.00254557895301935,0.00291742188114095,0.000868372760870145,0.000868372760870145
"522",0.00169946101528673,0.00238027134777326,0.000978760597362685,0.000978760597362685
"523",0.00434498897888681,0.00416377361856809,0.000946055870410648,0.000946055870410648
"524",0.00207305468071681,0.00256679695745728,0.000938953863597461,0.000938953863597461
"525",0.00284955091018802,0.00312332802772778,0.0010009866640786,0.0010009866640786
"526",0.00190183386186592,0.00245100964410999,0.00109383824804383,0.00109383824804383
"527",0.00380534290456537,0.00383842082571539,0.00109552030112201,0.00109552030112201
"528",0.00294659660938579,0.00322662081151828,0.00105033324252104,0.00105033324252104
"529",0.00329099244216718,0.00348164306343259,0.00102504262137569,0.00102504262137569
"530",0.00121684521431002,0.00194857160318008,0.00114390660008588,0.00114390660008588
"531",0.00260437991226437,0.00293157541472795,0.0012877909249817,0.0012877909249817
"532",0.00328970389602817,0.00346027189875492,0.00129969115031934,0.00129969115031934
"533",0.0029390496849896,0.00319685435729436,0.00129726629225403,0.00129726629225403
"534",0.00165985704503328,0.00228254317822623,0.00141861300101242,0.00141861300101242
"535",0.00420744981050969,0.00415571896775238,0.00141447345602933,0.00141447345602933
"536",0.00275196354038603,0.00310329209150297,0.00136993633478101,0.00136993633478101
"537",0.00342431732526493,0.00355650865790823,0.00136086197136106,0.00136086197136106
"538",0.00152755347385869,0.00219482119214961,0.00146460870187834,0.00146460870187834
"539",0.00508187937589963,0.00479947319500288,0.00139995772706784,0.00139995772706784
"540",0.00448124704135487,0.00421570697571256,0.0011737150574831,0.0011737150574831
"541",0.00215051552252323,0.00260875006326072,0.00116637814926651,0.00116637814926651
"542",0.002670362053499,0.00302175505385413,0.00125091502113071,0.00125091502113071
"543",0.00253686516030112,0.0029480320377391,0.00131258224070484,0.00131258224070484
"544",0.000813302752823797,0.0017719369982398,0.00152341583868216,0.00152341583868216
"545",0.00633700253344507,0.00566140081843354,0.00139679680952172,0.00139679680952172
"546",-9.32880713550559e-05,0.00103301159907732,0.00145091660192011,0.00145091660192011
"547",0.00505398225240748,0.00483345597010526,0.00147570474903203,0.00147570474903203
"548",0.00278461423449733,0.00318072722457395,0.00136554062598835,0.00136554062598835
"549",0.00241320798933718,0.00285592728483245,0.00142693976281179,0.00142693976281179
"550",0.00321742952779192,0.00345304858343739,0.00145116501584936,0.00145116501584936
"551",0.0032737984609218,0.00350134219393829,0.00141917458203969,0.00141917458203969
"552",0.00445086027657392,0.00421556597400444,0.00129734775488482,0.00129734775488482
"553",0.0017453365124042,0.00234126693555337,0.0013248902314779,0.0013248902314779
"554",0.00464514870473098,0.00441560028466914,0.00127670926982981,0.00127670926982981
"555",0.00226832260232186,0.00273554498484467,0.00124034319189518,0.00124034319189518
"556",0.00229923982485464,0.00275867551718673,0.00134538022234779,0.00134538022234779
"557",0.00306429003240761,0.00331361556849484,0.00138913032391736,0.00138913032391736
"558",0.00295068330587619,0.00321360335437333,0.00139846174673957,0.00139846174673957
"559",0.00297293553528737,0.0032369057134547,0.00141448904580461,0.00141448904580461
"560",0.000111186451490026,0.00122962346366141,0.00166492898176404,0.00166492898176404
"561",0.00329304882479994,0.00350749588431016,0.00183496489269104,0.00183496489269104
"562",0.0027050849437971,0.00309010548547902,0.00186260266905929,0.00186260266905929
"563",0.00271616491545402,0.00304703232671166,0.00193575636727533,0.00193575636727533
"564",0.00410727065360248,0.00409073769656535,0.0018885038189128,0.0018885038189128
"565",0.00348764627414054,0.00361045020032412,0.00180085310301744,0.00180085310301744
"566",0.00161903660243844,0.00229250451574305,0.00191590421793031,0.00191590421793031
"567",0.00523309001093914,0.00482589184043163,0.0018480714285422,0.0018480714285422
"568",0.00114279654382636,0.00195462787342655,0.00189244037350882,0.00189244037350882
"569",0.00346280554954244,0.00367425162613519,0.00199125048374042,0.00199125048374042
"570",0.000864666127297864,0.00182218263045101,0.00216538323615952,0.00216538323615952
"571",0.00537466777883277,0.00494066195453286,0.00213953702538309,0.00213953702538309
"572",0.000747311441331005,0.00175580925885857,0.00220939036231336,0.00220939036231336
"573",0.00467402465990046,0.00457691124044344,0.00223442987324735,0.00223442987324735
"574",0.000484716613933726,0.00153522424235913,0.00236502624259743,0.00236502624259743
"575",0.00543049435017905,0.00500628335407072,0.0023689398749102,0.0023689398749102
"576",0.00133157434680267,0.0021508475775167,0.00239780608442635,0.00239780608442635
"577",0.00168697296584071,0.00257182840321073,0.00263265048284877,0.00263265048284877
"578",0.00367724095061537,0.00388571704885202,0.0026885395433738,0.0026885395433738
"579",0.00398515026560302,0.00404675200023239,0.00260663098059002,0.00260663098059002
"580",0.00106083443817994,0.00199404065198267,0.00275826169921657,0.00275826169921657
"581",0.00288304556293767,0.00322555117949709,0.00295983807862221,0.00295983807862221
"582",0.00198464289815575,0.00266113544317459,0.00313207726951446,0.00313207726951446
"583",0.00395171369779001,0.00395907076229123,0.00319959351545197,0.00319959351545197
"584",0.00344288289635303,0.00378492096327228,0.00316442732445165,0.00316442732445165
"585",0.00489282682202003,0.00463934318146081,0.00303039958886831,0.00303039958886831
"586",0.00446260826717606,0.00430494092131082,0.00284423595073446,0.00284423595073446
"587",0.00392317208283159,0.00396162023297016,0.00272750014924599,0.00272750014924599
"588",0.000465178381046569,0.00157162499052742,0.00297053696411939,0.00297053696411939
"589",0.00466074742968567,0.00443678655898478,0.00308145528817719,0.00308145528817719
"590",0.00410620384543987,0.00423966736478835,0.00292333634860701,0.00292333634860701
"591",0.0034692021520694,0.00362858972540404,0.00286317240729587,0.00286317240729587
"592",0.00359276902198343,0.00382926513870541,0.00283629622970711,0.00283629622970711
"593",0.00272517753431552,0.00313108571269475,0.00288741023961081,0.00288741023961081
"594",0.00442269078926652,0.00438092792875636,0.00283750159532236,0.00283750159532236
"595",0.00299448310730886,0.00335181447771001,0.00279612652255954,0.00279612652255954
"596",0.00731279818103173,0.00624363686146357,0.00245359328367028,0.00245359328367028
"597",-0.0017893040352941,6.57288339358936e-05,0.00262588146609054,0.00262588146609054
"598",0.00828206935231867,0.00694129669826345,0.00254984640158688,0.00254984640158688
"599",-0.000586155865646811,0.000908334661101888,0.00255630245100861,0.00255630245100861
"600",0.00646020652232629,0.0056400316146719,0.00254633026483481,0.00254633026483481
"601",0.000836649522358342,0.00181516427055466,0.0025621447218103,0.0025621447218103
"602",0.00742966291921604,0.00642771599177189,0.00239170791857979,0.00239170791857979
"603",-0.00307081654660305,-0.00108259588474394,0.00262969856798968,0.00262969856798968
"604",0.00754929304911987,0.00655501061286782,0.00269033944737821,0.00269033944737821
"605",8.81485873774368e-05,0.00136007586563972,0.00268306617375103,0.00268306617375103
"606",0.00707439537103428,0.00623272485698953,0.00258966468581952,0.00258966468581952
"607",8.4603062966987e-05,0.00123167519310616,0.00261134328924921,0.00261134328924921
"608",0.00377775681418856,0.00400449182381262,0.00275302545897621,0.00275302545897621
"609",0.00103323405406972,0.0019671412514699,0.00289577950246701,0.00289577950246701
"610",0.00604452690003304,0.00540441322555516,0.00284342120955224,0.00284342120955224
"611",0.000225981591199694,0.00146637902505429,0.0029214245980502,0.0029214245980502
"612",0.00521100175258111,0.00477895147610044,0.00298135081900932,0.00298135081900932
"613",0.00243064969958574,0.00305289474760042,0.00294843515107147,0.00294843515107147
"614",-0.00130830745300322,1.23704683880387e-05,0.00341453151892531,0.00341453151892531
"615",0.00735507299590507,0.00658532333496935,0.00341795506809018,0.00341795506809018
"616",0.00185443195291942,0.00248234519384296,0.00331829153671496,0.00331829153671496
"617",0.00309191834985023,0.00336186103425429,0.0034828544925394,0.0034828544925394
"618",0.00442906417256902,0.00437124195009122,0.00344619830476687,0.00344619830476687
"619",0.00312297065532916,0.0034787361455399,0.0034226307640381,0.0034226307640381
"620",0.00303084087355215,0.00340425734597967,0.00349445246951302,0.00349445246951302
"621",0.0044652072545145,0.00443113751933375,0.00344676303457052,0.00344676303457052
"622",0.00224908768418543,0.00282266069775806,0.0035003402411273,0.0035003402411273
"623",0.00306488604710119,0.00341042594230574,0.00364010961951345,0.00364010961951345
"624",0.00433254939816013,0.00437326392082989,0.00360704876435159,0.00360704876435159
"625",0.000903687484551548,0.0017995412961039,0.00380392720626299,0.00380392720626299
"626",0.00589321085940088,0.00738707073420021,0.00379849165294825,0.00379849165294825
"627",0.00119925150723194,0.00214890105995324,0.00385468540002471,0.00385468540002471
"628",0.00733535888974476,0.00652605707388931,0.00370147981244743,0.00370147981244743
"629",0.00351095421710099,0.00388052613073427,0.00345432968470504,0.00345432968470504
"630",0.00276955206562968,0.00310573728251891,0.00353340609469467,0.00353340609469467
"631",0.00635376932205922,0.00586648900856651,0.00333918403267984,0.00333918403267984
"632",0.00158930848862685,0.00242461785708827,0.00330663796009072,0.00330663796009072
"633",0.0051540349891289,0.00486178127019652,0.00328851177211452,0.00328851177211452
"634",0.00295772912917308,0.00337941075852737,0.00322484984647871,0.00322484984647871
"635",0.00126181777769995,0.00217093619929807,0.00346119474133484,0.00346119474133484
"636",0.00603247225539548,0.00554411214988062,0.00339032746700114,0.00339032746700114
"637",0.000389744813252992,0.001614451632665,0.00348919666234601,0.00348919666234601
"638",0.00723537124952466,0.00635531176170699,0.00338231011922584,0.00338231011922584
"639",0.000737763775156009,0.00173344057730868,0.00339466327873188,0.00339466327873188
"640",0.00561978899502786,0.00533076256466937,0.00338721015977657,0.00338721015977657
"641",0.000632585505808218,0.00163003510278,0.00349300209868886,0.00349300209868886
"642",0.0053979882341462,0.00497942367359281,0.00353824371245322,0.00353824371245322
"643",0.00104669703751137,0.00190238731655829,0.00364992667587372,0.00364992667587372
"644",0.00492138178465186,0.00490112886885737,0.00369061919354838,0.00369061919354838
"645",0.00178054159909947,0.00243150806162892,0.00375854477704405,0.00375854477704405
"646",0.00532934493716106,0.00521412172744489,0.00372804708809968,0.00372804708809968
"647",0.000292913140822708,0.00131304215070124,0.00388922925927112,0.00388922925927112
"648",0.00758914783919209,0.00678721235048399,0.00379574700183436,0.00379574700183436
"649",0.00288433931842979,0.00309633151378482,0.00364795326350879,0.00364795326350879
"650",0.00364428135736408,0.00402826393256426,0.00368781244589547,0.00368781244589547
"651",0.00255932165531937,0.00300450812432904,0.00376599736743855,0.00376599736743855
"652",0.00533216013740679,0.00505417477623778,0.00370571535045769,0.00370571535045769
"653",0.00236440103252029,0.00285121020275478,0.00371403969789354,0.00371403969789354
"654",0.00461737381109128,0.00468792739527001,0.00370561077293292,0.00370561077293292
"655",0.00309328095430437,0.00353468742366045,0.00366864886775451,0.00366864886775451
"656",0.00569379132397806,0.0053359578391306,0.00352479518261186,0.00352479518261186
"657",0.00184195541288258,0.00258249832413176,0.00352837237852478,0.00352837237852478
"658",0.00604269532009433,0.00559962754087908,0.00343248592970237,0.00343248592970237
"659",0.00226179475594907,0.00289165687877552,0.00337384480059458,0.00337384480059458
"660",0.00249586374847535,0.00298813603364836,0.00353718183425494,0.00353718183425494
"661",0.00422271675566581,0.00419335219149937,0.00356317236206301,0.00356317236206301
"662",0.00334477487906705,0.0036140992148345,0.00355110714293293,0.00355110714293293
"663",0.0029082112621309,0.00334598457960722,0.00362212940571189,0.00362212940571189
"664",0.00367431585884543,0.00387201422530373,0.00365948878410128,0.00365948878410128
"665",0.00362107319308789,0.00387645822624008,0.00365096420385334,0.00365096420385334
"666",0.00366001521681695,0.00387186750329391,0.00364231631777253,0.00364231631777253
"667",0.00348812814543817,0.00377123618368575,0.00364565955829266,0.00364565955829266
"668",0.00470709075187376,0.0046249472490736,0.00355745359261006,0.00355745359261006
"669",0.00223941252976143,0.00284619450731999,0.00359640143904801,0.00359640143904801
"670",0.00430912722509151,0.00433742369653244,0.00362270649071584,0.00362270649071584
"671",0.00359617229748126,0.00386295825790542,0.00357210952505139,0.00357210952505139
"672",0.00460842483832588,0.00457070823870426,0.00347795684698447,0.00347795684698447
"673",0.00174682284493925,0.00248440900458402,0.00355944360049443,0.00355944360049443
"674",0.00506215086911037,0.00488199832970894,0.00355313096816291,0.00355313096816291
"675",0.0016800452405942,0.00245106092770276,0.00361338654208785,0.00361338654208785
"676",0.00508065344093763,0.00489069065315913,0.00361240858057595,0.00361240858057595
"677",0.00256403625226035,0.00312605899543525,0.00359862477825558,0.00359862477825558
"678",0.00249919070394003,0.00314218030062417,0.00373841708122937,0.00373841708122937
"679",0.00468473584714137,0.00467553947049858,0.00370767083095077,0.00370767083095077
"680",0.00274117164305723,0.003205654038469,0.00370967545889568,0.00370967545889568
"681",0.00524823516086301,0.00501174731244059,0.00363327988207973,0.00363327988207973
"682",0.00307751721072819,0.00347077767402376,0.00357163875128323,0.00357163875128323
"683",0.00587731002161431,0.00547045831814174,0.00341123276584506,0.00341123276584506
"684",0.00219540771226518,0.00275750777471619,0.0033797840324944,0.0033797840324944
"685",0.0041908466939183,0.00430936959104469,0.00340590636774755,0.00340590636774755
"686",0.00436345402040819,0.00440324334170533,0.00328420094643708,0.00328420094643708
"687",0.00399465075891527,0.00408165859296821,0.00318450235371327,0.00318450235371327
"688",0.00345628835075035,0.00372283310325419,0.00315005722197799,0.00315005722197799
"689",0.0041202045619103,0.00416098880961423,0.00309387524888408,0.00309387524888408
"690",0.00358238640404968,0.00380231464201374,0.00303716674315327,0.00303716674315327
"691",0.000470740662109797,0.00162483628594925,0.00326986202365925,0.00326986202365925
"692",0.00527442099154964,0.00502500283689865,0.00330627799896852,0.00330627799896852
"693",0.00239020537994688,0.00290480255385028,0.00329016357517564,0.00329016357517564
"694",0.00517398680375226,0.00491821656256632,0.00322613163355186,0.00322613163355186
"695",7.0112392982729e-05,0.00124234224403479,0.0034039320170897,0.0034039320170897
"696",0.00630608424672776,0.00575974266008778,0.00339822285616063,0.00339822285616063
"697",0.00209676112739525,0.00278229028074664,0.0033391756936721,0.0033391756936721
"698",0.00439384841831813,0.00434132053916638,0.00335620111799966,0.00335620111799966
"699",0.00510037424017329,0.00479185134718024,0.00318446548239176,0.00318446548239176
"700",-0.000125102001750785,0.00127662251722415,0.00336383748516727,0.00336383748516727
"701",0.0067549212413812,0.00609746883758344,0.00331291440314021,0.00331291440314021
"702",0.000732082943793162,0.001699327070496,0.00334458223034187,0.00334458223034187
"703",0.00440992370641921,0.00475447160761573,0.00339996948621069,0.00339996948621069
"704",0.00292070289921749,0.00335565037233337,0.00336597145566358,0.00336597145566358
"705",0.00546207657637879,0.00501055097745147,0.00326126287099787,0.00326126287099787
"706",0.00189672877263146,0.00252172498218204,0.00328972231116196,0.00328972231116196
"707",0.00904389570027331,0.00779911174378406,0.00296165557985206,0.00296165557985206
"708",-0.00103151233636826,0.000209737268978467,0.00298742549034287,0.00298742549034287
"709",0.00689272714578314,0.006182770155269,0.00299028646650262,0.00299028646650262
"710",0.00330429820658064,0.00330914752718173,0.00283330782426345,0.00283330782426345
"711",0.00374624333603467,0.00400545120581608,0.00281124884176145,0.00281124884176145
"712",0.0051525703742779,0.00468784310342395,0.00266067940178126,0.00266067940178126
"713",0.00268162529349847,0.00311026482508208,0.00261697039959738,0.00261697039959738
"714",0.00831427443296604,0.00696923605964035,0.00228616361877926,0.00228616361877926
"715",-0.00397170850550783,-0.0016357782848833,0.00252100942905436,0.00252100942905436
"716",0.012038362244022,0.00982260995563746,0.00231369800257003,0.00231369800257003
"717",-0.0030473999439396,-0.00113958654371086,0.00232270635705167,0.00232270635705167
"718",0.0109707777950812,0.00933278841530625,0.00214390618993136,0.00214390618993136
"719",-0.00731621572646547,-0.00475560327675994,0.00240404359901682,0.00240404359901682
"720",0.0111348147719692,0.00992665211814943,0.00237829745120882,0.00237829745120882
"721",-0.0032606613502589,-0.00192941081448027,0.00242354505641634,0.00242354505641634
"722",0.00941361208914063,0.00838264597854399,0.00236829186201132,0.00236829186201132
"723",0.00224535892777907,0.00269795378431474,0.00219513758106283,0.00219513758106283
"724",0.00494295036315955,0.00505104297577854,0.00212101832840859,0.00212101832840859
"725",0.000853659980320454,0.00134970871202311,0.00218430434916304,0.00218430434916304
"726",0.00334133314277323,0.00358771830268424,0.00228374284228167,0.00228374284228167
"727",0.00419887818934309,0.0040124571452871,0.00223705632792992,0.00223705632792992
"728",0.00165270525229111,0.00235398711047689,0.00228902714659474,0.00228902714659474
"729",0.0027203897851816,0.00304990502453283,0.00238141284065916,0.00238141284065916
"730",0.00615051269787874,0.00565070363032584,0.00223882428054824,0.00223882428054824
"731",0.00276623010012134,0.00305252107336286,0.0021474913003522,0.0021474913003522
"732",0.00335247906596423,0.00354455840493541,0.0021598864525931,0.0021598864525931
"733",0.00582591077232438,0.00532720870230455,0.00200519360600501,0.00200519360600501
"734",0.00151420065116639,0.00213142890910405,0.00199474722852709,0.00199474722852709
"735",4.94828600067728e-05,0.00102644274123816,0.00225706901224207,0.00225706901224207
"736",0.00632414667096565,0.00577037868497814,0.00221156796089925,0.00221156796089925
"737",0.000452611594361548,0.00134444135777893,0.00224352051665807,0.00224352051665807
"738",0.00723077365697745,0.00650611416986124,0.00212492155259291,0.00212492155259291
"739",-0.0037498436612152,-0.00195076864404568,0.00235051619485639,0.00235051619485639
"740",0.00679683372620588,0.00623438263512765,0.00243000404067495,0.00243000404067495
"741",0.00109584186408958,0.00187370002861235,0.00240428937831013,0.00240428937831013
"742",0.00676880743303784,0.00618593615064709,0.00229115078745462,0.00229115078745462
"743",0.00107438701466252,0.00176245869158433,0.00226938812764539,0.00226938812764539
"744",0.00734766668899562,0.00668023837113592,0.00212201914256976,0.00212201914256976
"745",0.000679018828497562,0.00126524049391383,0.00210269495075592,0.00210269495075592
"746",0.00503127821727328,0.00498464479298891,0.00210101300101261,0.00210101300101261
"747",0.00652898419607728,0.00567092027320111,0.00184338906481604,0.00184338906481604
"748",6.70364980754458e-05,0.000957863433363931,0.00189270763584963,0.00189270763584963
"749",0.00398976558065247,0.00396005056139973,0.00197352306835936,0.00197352306835936
"750",0.00160258938023049,0.00214296666938655,0.00203319600589236,0.00203319600589236
"751",0.00792321495528081,0.00692521821378255,0.00182923880314236,0.00182923880314236
"752",-0.000763917052920175,0.000255835686899655,0.00186115734022877,0.00186115734022877
"753",0.00282624367181632,0.00324701350295102,0.00203185269943889,0.00203185269943889
"754",0.0035968561256228,0.00365655286244436,0.00201352591780435,0.00201352591780435
"755",0.00137833881738976,0.0020111024675309,0.0020997212525121,0.0020997212525121
"756",0.00558245437841833,0.00507893561289365,0.00204276542057462,0.00204276542057462
"757",0.00331885535447382,0.00345795057239616,0.0019385796357081,0.0019385796357081
"758",0.00273195622743204,0.00302869312898115,0.00195450937800702,0.00195450937800702
"759",0.00260734007109246,0.00291092343859757,0.00200463988592535,0.00200463988592535
"760",0.00300112280552376,0.00321119507788581,0.00203943718405683,0.00203943718405683
"761",0.0051352192715138,0.00478850793829023,0.00193294675162395,0.00193294675162395
"762",0.00139750621768946,0.00194684906444189,0.00195834843819794,0.00195834843819794
"763",0.00498518448771772,0.00470148444528468,0.00192783780809818,0.00192783780809818
"764",0.00308789072175125,0.00322396088243442,0.00185755853926096,0.00185755853926096
"765",0.00212053085397628,0.00260164204972476,0.00191684083189903,0.00191684083189903
"766",0.00434067303238562,0.00415317152315836,0.0018907838457069,0.0018907838457069
"767",0.00158530988791843,0.00216439632813623,0.00193323004398617,0.00193323004398617
"768",0.00560180972897407,0.00512794793462441,0.00185670371152473,0.00185670371152473
"769",0.00220828124769947,0.00249176430489536,0.00181885350137222,0.00181885350137222
"770",0.00382276010470765,0.00381099269219307,0.00182212598536481,0.00182212598536481
"771",0.00409192967476934,0.0039370940231605,0.00174238869408912,0.00174238869408912
"772",0.00292806400513247,0.0031513240326053,0.00171431757712654,0.00171431757712654
"773",0.00318252014959158,0.0033134641837501,0.00171603096778583,0.00171603096778583
"774",0.00282704847190647,0.00305086542111255,0.00172942213269037,0.00172942213269037
"775",0.00459901611419865,0.00435720337518654,0.00165529661687575,0.00165529661687575
"776",0.00347418687371249,0.00347420987032036,0.00157490782338358,0.00157490782338358
"777",-0.000213885731932764,0.000868086849495862,0.00174577676621366,0.00174577676621366
"778",0.0052323913029289,0.00487124902446256,0.00175292807838431,0.00175292807838431
"779",0.000153953266952588,0.00103870872862607,0.00183693200020453,0.00183693200020453
"780",0.0044534703186388,0.00434323060508702,0.00187809307677553,0.00187809307677553
"781",0.00109964862569757,0.00171165818291569,0.00194368233386564,0.00194368233386564
"782",0.0025538312312356,0.00292899463250967,0.00206205375429408,0.00206205375429408
"783",0.00153077671205404,0.00211920063008863,0.00218181936218039,0.00218181936218039
"784",0.00392522446438361,0.00391294182426945,0.00220975208506113,0.00220975208506113
"785",0.00284326096209719,0.00307384472024144,0.0022038572352526,0.0022038572352526
"786",0.00142083302860378,0.00211827123142874,0.00232154449617438,0.00232154449617438
"787",0.00512420397591834,0.0047786836215165,0.00228584344514779,0.00228584344514779
"788",0.00358695219133178,0.00361684014500559,0.00219049420028045,0.00219049420028045
"789",0.00384976048468211,0.00383481491870801,0.00213931834886011,0.00213931834886011
"790",0.00392823107479302,0.00383940140580571,0.00207307824631969,0.00207307824631969
"791",0.00117596864671812,0.00189145742577702,0.0021617196267914,0.0021617196267914
"792",0.00365611404665682,0.00369598306737317,0.00221935705866227,0.00221935705866227
"793",0.00123769553594416,0.00192198264408988,0.00231948609068588,0.00231948609068588
"794",0.00312817178793113,0.00337681814592486,0.0024075255166706,0.0024075255166706
"795",0.0041194471062144,0.00403607665847543,0.00236031661783854,0.00236031661783854
"796",0.000517224334814626,0.00146539620389415,0.00248215983562002,0.00248215983562002
"797",0.00591609306615883,0.00537324991297473,0.00244086598547243,0.00244086598547243
"798",0.00152127792902271,0.00214782173625133,0.00243465760454867,0.00243465760454867
"799",0.00561159348500577,0.00516140346047099,0.00237005674972076,0.00237005674972076
"800",-0.0012902372151403,2.93705737763991e-05,0.00253490617323252,0.00253490617323252
"801",0.00717144086663285,0.00644186115817083,0.00249487678489936,0.00249487678489936
"802",0.000711686561880443,0.00145865959905067,0.00248582657678361,0.00248582657678361
"803",0.00614061396710281,0.00563238056201422,0.00242873931193502,0.00242873931193502
"804",0.00268770457179528,0.00282358696334959,0.00235802316069533,0.00235802316069533
"805",0.00373123645537618,0.00382931624874934,0.00235822944640822,0.00235822944640822
"806",0.00132882842159468,0.00193195209546107,0.00244891059233957,0.00244891059233957
"807",0.00252262741673174,0.00299545273231088,0.00256553396669198,0.00256553396669198
"808",0.00428111415809142,0.00411207021484432,0.00254127142361845,0.00254127142361845
"809",0.00246971188511093,0.00284532154726899,0.0025530757254256,0.0025530757254256
"810",0.00385712849596942,0.0038745807232913,0.00255502903664108,0.00255502903664108
"811",0.00439549654642959,0.00426593506149676,0.00246913422818113,0.00246913422818113
"812",0.00160493527967504,0.00220680656981787,0.00251960609101971,0.00251960609101971
"813",0.00619587689372271,0.00560111568457678,0.00242257210282864,0.00242257210282864
"814",-0.000439961355785361,0.000644014659745942,0.00251473029845831,0.00251473029845831
"815",0.00618344283178198,0.00561594447395299,0.00250117266236497,0.00250117266236497
"816",0.0015730849257132,0.00206081513422391,0.00249069995508195,0.00249069995508195
"817",0.00602480605947817,0.00557199236584089,0.00240613482854993,0.00240613482854993
"818",0.00133830752982299,0.00192962508658255,0.00240369298827208,0.00240369298827208
"819",0.00314304717463023,0.0034771287985677,0.00247714818411038,0.00247714818411038
"820",0.00307607327278028,0.0032152992462662,0.0024918159418247,0.0024918159418247
"821",0.00309588159220417,0.00326808201647397,0.00251695933622892,0.00251695933622892
"822",0.0037190287177095,0.00371591072936529,0.00250672206562518,0.00250672206562518
"823",0.00164847961119894,0.00227277352079841,0.0025804799712564,0.0025804799712564
"824",0.00384901495312368,0.00387760831352053,0.0026125465187879,0.0026125465187879
"825",0.00749893892178133,0.00649639267660196,0.00236162163074472,0.00236162163074472
"826",0.0010855201496675,0.00177064276898599,0.00232123825206074,0.00232123825206074
