,Date,USD (PM)
0,2016-09-11,1324.6
1,2016-09-12,1324.6
2,2016-09-13,1323.65
3,2016-09-14,1321.75
4,2016-09-15,1310.8
5,2016-09-16,1308.35
6,2016-09-17,1308.35
7,2016-09-18,1314.85
8,2016-09-19,1314.85
9,2016-09-20,1313.8
10,2016-09-21,1326.1
11,2016-09-22,1339.1
12,2016-09-23,1338.65
13,2016-09-24,1338.65
14,2016-09-25,1340.5
15,2016-09-26,1340.5
16,2016-09-27,1327.0
17,2016-09-28,1322.5
18,2016-09-29,1318.1
19,2016-09-30,1322.5
20,2016-10-01,1322.5
21,2016-10-02,1313.3
22,2016-10-03,1313.3
23,2016-10-04,1283.3
24,2016-10-05,1269.4
25,2016-10-06,1254.5
26,2016-10-07,1258.75
27,2016-10-08,1258.75
28,2016-10-09,1259.5
29,2016-10-10,1259.5
30,2016-10-11,1253.45
31,2016-10-12,1256.5
32,2016-10-13,1261.05
33,2016-10-14,1251.75
34,2016-10-15,1251.75
35,2016-10-16,1254.8
36,2016-10-17,1254.8
37,2016-10-18,1258.2
38,2016-10-19,1269.05
39,2016-10-20,1271.65
40,2016-10-21,1266.05
41,2016-10-22,1266.05
42,2016-10-23,1265.55
43,2016-10-24,1265.55
44,2016-10-25,1269.4
45,2016-10-26,1270.5
46,2016-10-27,1266.25
47,2016-10-28,1273.0
48,2016-10-29,1273.0
49,2016-10-30,1272.0
50,2016-10-31,1272.0
51,2016-11-01,1288.45
52,2016-11-02,1303.75
53,2016-11-03,1301.0
54,2016-11-04,1302.8
55,2016-11-05,1302.8
56,2016-11-06,1283.05
57,2016-11-07,1283.05
58,2016-11-08,1282.35
59,2016-11-09,1281.4
60,2016-11-10,1267.5
61,2016-11-11,1236.45
62,2016-11-12,1236.45
63,2016-11-13,1213.6
64,2016-11-14,1213.6
65,2016-11-15,1226.95
66,2016-11-16,1229.2
67,2016-11-17,1226.75
68,2016-11-18,1211.0
69,2016-11-19,1211.0
70,2016-11-20,1214.25
71,2016-11-21,1214.25
72,2016-11-22,1212.25
73,2016-11-23,1185.35
74,2016-11-24,1186.1
75,2016-11-25,1187.7
76,2016-11-26,1187.7
77,2016-11-27,1187.0
78,2016-11-28,1187.0
79,2016-11-29,1186.55
80,2016-11-30,1178.1
81,2016-12-01,1161.85
82,2016-12-02,1173.5
83,2016-12-03,1173.5
84,2016-12-04,1162.2
85,2016-12-05,1162.2
86,2016-12-06,1172.5
87,2016-12-07,1177.65
88,2016-12-08,1171.05
89,2016-12-09,1163.6
90,2016-12-10,1163.6
91,2016-12-11,1156.1
92,2016-12-12,1156.1
93,2016-12-13,1158.55
94,2016-12-14,1162.25
95,2016-12-15,1126.95
96,2016-12-16,1131.6
97,2016-12-17,1131.6
98,2016-12-18,1136.25
99,2016-12-19,1136.25
100,2016-12-20,1125.7
101,2016-12-21,1133.65
102,2016-12-22,1131.35
103,2016-12-23,1131.35
104,2016-12-24,1131.35
105,2016-12-25,1131.35
106,2016-12-26,1134.6
107,2016-12-27,1134.6
108,2016-12-28,1134.6
109,2016-12-29,1145.9
110,2016-12-30,1145.9
111,2016-12-31,1145.9
112,2017-01-01,1145.9
113,2017-01-02,1151.0
114,2017-01-03,1151.0
115,2017-01-04,1164.25
116,2017-01-05,1176.7
117,2017-01-06,1175.85
118,2017-01-07,1175.85
119,2017-01-08,1178.5
120,2017-01-09,1178.5
121,2017-01-10,1189.5
122,2017-01-11,1178.55
123,2017-01-12,1205.05
124,2017-01-13,1190.35
125,2017-01-14,1190.35
126,2017-01-15,1203.0
127,2017-01-16,1203.0
128,2017-01-17,1216.05
129,2017-01-18,1214.75
130,2017-01-19,1196.05
131,2017-01-20,1200.55
132,2017-01-21,1200.55
133,2017-01-22,1212.85
134,2017-01-23,1212.85
135,2017-01-24,1216.8
136,2017-01-25,1195.0
137,2017-01-26,1189.7
138,2017-01-27,1184.85
139,2017-01-28,1184.85
140,2017-01-29,1192.8
141,2017-01-30,1192.8
142,2017-01-31,1212.8
143,2017-02-01,1203.65
144,2017-02-02,1221.95
145,2017-02-03,1215.2
146,2017-02-04,1215.2
147,2017-02-05,1226.75
148,2017-02-06,1226.75
149,2017-02-07,1231.0
150,2017-02-08,1242.1
151,2017-02-09,1236.8
152,2017-02-10,1228.3
153,2017-02-11,1228.3
154,2017-02-12,1222.25
155,2017-02-13,1222.25
156,2017-02-14,1230.75
157,2017-02-15,1224.4
158,2017-02-16,1240.55
159,2017-02-17,1241.95
160,2017-02-18,1241.95
161,2017-02-19,1237.3
162,2017-02-20,1237.3
163,2017-02-21,1233.2
164,2017-02-22,1236.65
165,2017-02-23,1247.9
166,2017-02-24,1253.65
167,2017-02-25,1253.65
168,2017-02-26,1257.2
169,2017-02-27,1257.2
170,2017-02-28,1255.6
171,2017-03-01,1240.4
172,2017-03-02,1238.1
173,2017-03-03,1226.5
174,2017-03-04,1226.5
175,2017-03-05,1230.95
176,2017-03-06,1230.95
177,2017-03-07,1216.65
178,2017-03-08,1209.2
179,2017-03-09,1206.55
180,2017-03-10,1202.65
181,2017-03-11,1202.65
182,2017-03-12,1204.2
183,2017-03-13,1204.2
184,2017-03-14,1204.6
185,2017-03-15,1198.8
186,2017-03-16,1229.35
187,2017-03-17,1229.6
188,2017-03-18,1229.6
189,2017-03-19,1232.4
190,2017-03-20,1232.4
191,2017-03-21,1241.6
192,2017-03-22,1249.05
193,2017-03-23,1247.5
194,2017-03-24,1247.5
195,2017-03-25,1247.5
196,2017-03-26,1257.55
197,2017-03-27,1257.55
198,2017-03-28,1257.25
199,2017-03-29,1251.1
200,2017-03-30,1248.8
201,2017-03-31,1244.85
202,2017-04-01,1244.85
203,2017-04-02,1247.25
204,2017-04-03,1247.25
205,2017-04-04,1257.65
206,2017-04-05,1245.8
207,2017-04-06,1252.5
208,2017-04-07,1266.45
209,2017-04-08,1266.45
210,2017-04-09,1250.05
211,2017-04-10,1250.05
212,2017-04-11,1252.9
213,2017-04-12,1274.3
214,2017-04-13,1284.15
215,2017-04-14,1284.15
216,2017-04-15,1284.15
217,2017-04-16,1278.95
218,2017-04-17,1278.95
219,2017-04-18,1278.95
220,2017-04-19,1279.05
221,2017-04-20,1282.1
222,2017-04-21,1281.85
223,2017-04-22,1281.85
224,2017-04-23,1269.4
225,2017-04-24,1269.4
226,2017-04-25,1267.8
227,2017-04-26,1261.85
228,2017-04-27,1262.8
229,2017-04-28,1266.45
230,2017-04-29,1266.45
231,2017-04-30,1266.45
232,2017-05-01,1255.45
233,2017-05-02,1255.45
234,2017-05-03,1250.3
235,2017-05-04,1228.45
236,2017-05-05,1228.05
237,2017-05-06,1228.05
238,2017-05-07,1229.8
239,2017-05-08,1229.8
240,2017-05-09,1220.4
241,2017-05-10,1222.95
242,2017-05-11,1223.15
243,2017-05-12,1231.25
244,2017-05-13,1231.25
245,2017-05-14,1233.3
246,2017-05-15,1233.3
247,2017-05-16,1234.2
248,2017-05-17,1257.4
249,2017-05-18,1255.9
250,2017-05-19,1252.0
251,2017-05-20,1252.0
252,2017-05-21,1258.85
253,2017-05-22,1258.85
254,2017-05-23,1260.2
255,2017-05-24,1252.55
256,2017-05-25,1256.95
257,2017-05-26,1265.05
258,2017-05-27,1265.05
259,2017-05-28,1265.05
260,2017-05-29,1262.7
261,2017-05-30,1262.7
262,2017-05-31,1266.2
263,2017-06-01,1264.85
264,2017-06-02,1274.95
265,2017-06-03,1274.95
266,2017-06-04,1279.95
267,2017-06-05,1279.95
268,2017-06-06,1293.5
269,2017-06-07,1291.0
270,2017-06-08,1273.1
271,2017-06-09,1266.55
272,2017-06-10,1266.55
273,2017-06-11,1266.4
274,2017-06-12,1266.4
275,2017-06-13,1262.0
276,2017-06-14,1275.5
277,2017-06-15,1254.55
278,2017-06-16,1255.4
279,2017-06-17,1255.4
280,2017-06-18,1248.15
281,2017-06-19,1248.15
282,2017-06-20,1242.2
283,2017-06-21,1242.5
284,2017-06-22,1250.8
285,2017-06-23,1255.7
286,2017-06-24,1255.7
287,2017-06-25,1245.25
288,2017-06-26,1245.25
289,2017-06-27,1249.55
290,2017-06-28,1248.0
291,2017-06-29,1243.5
292,2017-06-30,1242.25
293,2017-07-01,1242.25
294,2017-07-02,1229.25
295,2017-07-03,1229.25
296,2017-07-04,1223.75
297,2017-07-05,1220.3
298,2017-07-06,1224.9
299,2017-07-07,1215.65
300,2017-07-08,1215.65
301,2017-07-09,1211.9
302,2017-07-10,1211.9
303,2017-07-11,1211.05
304,2017-07-12,1218.8
305,2017-07-13,1218.9
306,2017-07-14,1230.3
307,2017-07-15,1230.3
308,2017-07-16,1234.1
309,2017-07-17,1234.1
310,2017-07-18,1240.75
311,2017-07-19,1242.15
312,2017-07-20,1238.7
313,2017-07-21,1248.55
314,2017-07-22,1248.55
315,2017-07-23,1255.55
316,2017-07-24,1255.55
317,2017-07-25,1254.4
318,2017-07-26,1248.1
319,2017-07-27,1261.1
320,2017-07-28,1264.9
321,2017-07-29,1264.9
322,2017-07-30,1267.55
323,2017-07-31,1267.55
324,2017-08-01,1270.95
325,2017-08-02,1269.6
326,2017-08-03,1268.1
327,2017-08-04,1257.7
328,2017-08-05,1257.7
329,2017-08-06,1258.0
330,2017-08-07,1258.0
331,2017-08-08,1261.8
332,2017-08-09,1271.05
333,2017-08-10,1284.4
334,2017-08-11,1286.1
335,2017-08-12,1286.1
336,2017-08-13,1282.3
337,2017-08-14,1282.3
338,2017-08-15,1270.3
339,2017-08-16,1272.75
340,2017-08-17,1285.15
341,2017-08-18,1295.8
342,2017-08-19,1295.8
343,2017-08-20,1292.9
344,2017-08-21,1292.9
345,2017-08-22,1284.2
346,2017-08-23,1286.65
347,2017-08-24,1289.0
348,2017-08-25,1285.3
349,2017-08-26,1285.3
350,2017-08-27,1285.3
351,2017-08-28,1318.65
352,2017-08-29,1318.65
353,2017-08-30,1308.5
354,2017-08-31,1311.75
355,2017-09-01,1320.4
356,2017-09-02,1320.4
357,2017-09-03,1333.1
358,2017-09-04,1333.1
359,2017-09-05,1335.55
360,2017-09-06,1337.85
361,2017-09-07,1343.5
362,2017-09-08,1346.25
363,2017-09-09,1346.25
364,2017-09-10,1334.2
365,2017-09-11,1334.2
366,2017-09-12,1326.5
367,2017-09-13,1327.55
368,2017-09-14,1324.55
369,2017-09-15,1322.85
370,2017-09-16,1322.85
371,2017-09-17,1312.1
372,2017-09-18,1312.1
373,2017-09-19,1309.6
374,2017-09-20,1311.3
375,2017-09-21,1292.1
376,2017-09-22,1294.8
377,2017-09-23,1294.8
378,2017-09-24,1293.3
379,2017-09-25,1293.3
380,2017-09-26,1300.05
381,2017-09-27,1282.55
382,2017-09-28,1283.35
383,2017-09-29,1283.1
384,2017-09-30,1283.1
385,2017-10-01,1273.7
386,2017-10-02,1273.7
387,2017-10-03,1271.25
388,2017-10-04,1274.25
389,2017-10-05,1274.5
390,2017-10-06,1261.8
391,2017-10-07,1261.8
392,2017-10-08,1278.75
393,2017-10-09,1278.75
394,2017-10-10,1291.4
395,2017-10-11,1289.25
396,2017-10-12,1290.25
397,2017-10-13,1299.6
398,2017-10-14,1299.6
399,2017-10-15,1303.3
400,2017-10-16,1303.3
401,2017-10-17,1284.75
402,2017-10-18,1280.2
403,2017-10-19,1286.4
404,2017-10-20,1281.2
405,2017-10-21,1281.2
406,2017-10-22,1274.9
407,2017-10-23,1274.9
408,2017-10-24,1276.45
409,2017-10-25,1275.0
410,2017-10-26,1273.75
411,2017-10-27,1266.45
412,2017-10-28,1266.45
413,2017-10-29,1272.0
414,2017-10-30,1272.0
415,2017-10-31,1270.15
416,2017-11-01,1277.05
417,2017-11-02,1279.2
418,2017-11-03,1267.2
419,2017-11-04,1267.2
420,2017-11-05,1270.9
421,2017-11-06,1270.9
422,2017-11-07,1275.6
423,2017-11-08,1284.0
424,2017-11-09,1284.8
425,2017-11-10,1284.3
426,2017-11-11,1284.3
427,2017-11-12,1277.95
428,2017-11-13,1277.95
429,2017-11-14,1274.6
430,2017-11-15,1282.2
431,2017-11-16,1280.0
432,2017-11-17,1284.35
433,2017-11-18,1284.35
434,2017-11-19,1286.2
435,2017-11-20,1286.2
436,2017-11-21,1283.3
437,2017-11-22,1286.95
438,2017-11-23,1290.35
439,2017-11-24,1290.5
440,2017-11-25,1290.5
441,2017-11-26,1294.9
442,2017-11-27,1294.9
443,2017-11-28,1291.85
444,2017-11-29,1283.85
445,2017-11-30,1280.2
446,2017-12-01,1275.5
447,2017-12-02,1275.5
448,2017-12-03,1273.45
449,2017-12-04,1273.45
450,2017-12-05,1266.3
451,2017-12-06,1263.7
452,2017-12-07,1255.0
453,2017-12-08,1250.65
454,2017-12-09,1250.65
455,2017-12-10,1247.15
456,2017-12-11,1247.15
457,2017-12-12,1240.9
458,2017-12-13,1242.65
459,2017-12-14,1251.0
460,2017-12-15,1254.6
461,2017-12-16,1254.6
462,2017-12-17,1260.6
463,2017-12-18,1260.6
464,2017-12-19,1260.35
465,2017-12-20,1264.55
466,2017-12-21,1264.55
467,2017-12-22,1264.55
468,2017-12-23,1264.55
469,2017-12-24,1264.55
470,2017-12-25,1279.4
471,2017-12-26,1279.4
472,2017-12-27,1279.4
473,2017-12-28,1291.0
474,2017-12-29,1291.0
475,2017-12-30,1291.0
476,2017-12-31,1291.0
477,2018-01-01,1312.05
478,2018-01-02,1312.05
479,2018-01-03,1314.9
480,2018-01-04,1314.5
481,2018-01-05,1317.15
482,2018-01-06,1317.15
483,2018-01-07,1319.95
484,2018-01-08,1319.95
485,2018-01-09,1311.0
486,2018-01-10,1319.75
487,2018-01-11,1323.05
488,2018-01-12,1326.8
489,2018-01-13,1326.8
490,2018-01-14,1339.25
491,2018-01-15,1339.25
492,2018-01-16,1333.85
493,2018-01-17,1335.65
494,2018-01-18,1332.2
495,2018-01-19,1334.95
496,2018-01-20,1334.95
497,2018-01-21,1332.6
498,2018-01-22,1332.6
499,2018-01-23,1333.4
500,2018-01-24,1353.7
501,2018-01-25,1354.95
502,2018-01-26,1353.15
503,2018-01-27,1353.15
504,2018-01-28,1343.85
505,2018-01-29,1343.85
506,2018-01-30,1344.9
507,2018-01-31,1345.05
508,2018-02-01,1341.35
509,2018-02-02,1331.15
510,2018-02-03,1331.15
511,2018-02-04,1333.6
512,2018-02-05,1333.6
513,2018-02-06,1331.4
514,2018-02-07,1324.65
515,2018-02-08,1315.45
516,2018-02-09,1314.1
517,2018-02-10,1314.1
518,2018-02-11,1322.3
519,2018-02-12,1322.3
520,2018-02-13,1325.35
521,2018-02-14,1336.25
522,2018-02-15,1352.45
523,2018-02-16,1352.1
524,2018-02-17,1352.1
525,2018-02-18,1346.6
526,2018-02-19,1346.6
527,2018-02-20,1339.85
528,2018-02-21,1330.5
529,2018-02-22,1328.35
530,2018-02-23,1327.95
531,2018-02-24,1327.95
532,2018-02-25,1333.5
533,2018-02-26,1333.5
534,2018-02-27,1325.75
535,2018-02-28,1317.85
536,2018-03-01,1307.75
537,2018-03-02,1322.3
538,2018-03-03,1322.3
539,2018-03-04,1320.4
540,2018-03-05,1320.4
541,2018-03-06,1331.4
542,2018-03-07,1329.4
543,2018-03-08,1321.0
544,2018-03-09,1320.6
545,2018-03-10,1320.6
546,2018-03-11,1319.15
547,2018-03-12,1319.15
548,2018-03-13,1322.75
549,2018-03-14,1323.55
550,2018-03-15,1318.75
551,2018-03-16,1310.1
552,2018-03-17,1310.1
553,2018-03-18,1312.4
554,2018-03-19,1312.4
555,2018-03-20,1311.0
556,2018-03-21,1321.35
557,2018-03-22,1329.15
558,2018-03-23,1346.6
559,2018-03-24,1346.6
560,2018-03-25,1352.4
561,2018-03-26,1352.4
562,2018-03-27,1341.45
563,2018-03-28,1332.45
564,2018-03-29,1323.85
565,2018-03-30,1323.85
566,2018-03-31,1323.85
567,2018-04-01,1333.45
568,2018-04-02,1333.45
569,2018-04-03,1333.45
570,2018-04-04,1337.3
571,2018-04-05,1327.7
572,2018-04-06,1331.2
573,2018-04-07,1331.2
574,2018-04-08,1331.95
575,2018-04-09,1331.95
576,2018-04-10,1338.95
577,2018-04-11,1350.75
578,2018-04-12,1341.35
579,2018-04-13,1343.7
580,2018-04-14,1343.7
581,2018-04-15,1349.35
582,2018-04-16,1349.35
583,2018-04-17,1342.1
584,2018-04-18,1351.45
585,2018-04-19,1348.6
586,2018-04-20,1336.75
587,2018-04-21,1336.75
588,2018-04-22,1324.3
589,2018-04-23,1324.3
590,2018-04-24,1328.85
591,2018-04-25,1321.65
592,2018-04-26,1320.7
593,2018-04-27,1321.5
594,2018-04-28,1321.5
595,2018-04-29,1313.2
596,2018-04-30,1313.2
597,2018-05-01,1307.1
598,2018-05-02,1304.2
599,2018-05-03,1315.05
600,2018-05-04,1309.4
601,2018-05-05,1309.4
602,2018-05-06,1309.4
603,2018-05-07,1306.6
604,2018-05-08,1306.6
605,2018-05-09,1313.85
606,2018-05-10,1318.8
607,2018-05-11,1324.35
608,2018-05-12,1324.35
609,2018-05-13,1319.85
610,2018-05-14,1319.85
611,2018-05-15,1295.0
612,2018-05-16,1291.25
613,2018-05-17,1289.5
614,2018-05-18,1288.3
615,2018-05-19,1288.3
616,2018-05-20,1288.35
617,2018-05-21,1288.35
618,2018-05-22,1293.05
619,2018-05-23,1289.0
620,2018-05-24,1304.85
621,2018-05-25,1303.5
622,2018-05-26,1303.5
623,2018-05-27,1303.5
624,2018-05-28,1295.5
625,2018-05-29,1295.5
626,2018-05-30,1300.7
627,2018-05-31,1305.35
628,2018-06-01,1294.6
629,2018-06-02,1294.6
630,2018-06-03,1295.45
631,2018-06-04,1295.45
632,2018-06-05,1292.05
633,2018-06-06,1300.1
634,2018-06-07,1297.25
635,2018-06-08,1298.25
636,2018-06-09,1298.25
637,2018-06-10,1299.6
638,2018-06-11,1299.6
639,2018-06-12,1298.65
640,2018-06-13,1296.15
641,2018-06-14,1302.75
642,2018-06-15,1285.25
643,2018-06-16,1285.25
644,2018-06-17,1281.55
645,2018-06-18,1281.55
646,2018-06-19,1276.15
647,2018-06-20,1274.2
648,2018-06-21,1266.15
649,2018-06-22,1269.15
650,2018-06-23,1269.15
651,2018-06-24,1268.7
652,2018-06-25,1268.7
653,2018-06-26,1260.3
654,2018-06-27,1254.6
655,2018-06-28,1251.55
656,2018-06-29,1250.45
657,2018-06-30,1250.45
658,2018-07-01,1247.8
659,2018-07-02,1247.8
660,2018-07-03,1251.75
661,2018-07-04,1255.65
662,2018-07-05,1255.5
663,2018-07-06,1255.35
664,2018-07-07,1255.35
665,2018-07-08,1262.05
666,2018-07-09,1262.05
667,2018-07-10,1254.0
668,2018-07-11,1251.4
669,2018-07-12,1245.9
670,2018-07-13,1241.7
671,2018-07-14,1241.7
672,2018-07-15,1241.1
673,2018-07-16,1241.1
674,2018-07-17,1232.8
675,2018-07-18,1224.5
676,2018-07-19,1217.55
677,2018-07-20,1228.75
678,2018-07-21,1228.75
679,2018-07-22,1224.95
680,2018-07-23,1224.95
681,2018-07-24,1228.35
682,2018-07-25,1231.5
683,2018-07-26,1228.25
684,2018-07-27,1223.95
685,2018-07-28,1223.95
686,2018-07-29,1223.8
687,2018-07-30,1223.8
688,2018-07-31,1220.95
689,2018-08-01,1219.0
690,2018-08-02,1215.45
691,2018-08-03,1216.3
692,2018-08-04,1216.3
693,2018-08-05,1209.65
694,2018-08-06,1209.65
695,2018-08-07,1212.35
696,2018-08-08,1209.55
697,2018-08-09,1214.35
698,2018-08-10,1214.4
699,2018-08-11,1214.4
700,2018-08-12,1200.35
701,2018-08-13,1200.35
702,2018-08-14,1197.0
703,2018-08-15,1182.0
704,2018-08-16,1180.4
705,2018-08-17,1178.4
706,2018-08-18,1178.4
707,2018-08-19,1184.35
708,2018-08-20,1184.35
709,2018-08-21,1190.95
710,2018-08-22,1196.65
711,2018-08-23,1192.35
712,2018-08-24,1197.7
713,2018-08-25,1197.7
714,2018-08-26,1197.7
715,2018-08-27,1212.25
716,2018-08-28,1212.25
717,2018-08-29,1204.2
718,2018-08-30,1197.3
719,2018-08-31,1202.45
720,2018-09-01,1202.45
721,2018-09-02,1200.05
722,2018-09-03,1200.05
723,2018-09-04,1190.85
724,2018-09-05,1196.7
725,2018-09-06,1205.15
726,2018-09-07,1198.9
727,2018-09-08,1198.9
728,2018-09-09,1196.6
729,2018-09-10,1196.6
730,2018-09-11,1189.85
731,2018-09-12,1195.6
732,2018-09-13,1209.8
733,2018-09-14,1201.95
734,2018-09-15,1201.95
735,2018-09-16,1201.9
736,2018-09-17,1201.9
737,2018-09-18,1200.2
738,2018-09-19,1203.3
739,2018-09-20,1208.35
740,2018-09-21,1198.7
741,2018-09-22,1198.7
742,2018-09-23,1202.75
743,2018-09-24,1202.75
744,2018-09-25,1201.9
745,2018-09-26,1194.25
746,2018-09-27,1185.4
747,2018-09-28,1187.25
748,2018-09-29,1187.25
749,2018-09-30,1189.35
750,2018-10-01,1189.35
751,2018-10-02,1204.7
752,2018-10-03,1201.2
753,2018-10-04,1203.45
754,2018-10-05,1203.8
755,2018-10-06,1203.8
756,2018-10-07,1186.95
757,2018-10-08,1186.95
758,2018-10-09,1185.55
759,2018-10-10,1188.6
760,2018-10-11,1205.55
761,2018-10-12,1219.75
762,2018-10-13,1219.75
763,2018-10-14,1229.95
764,2018-10-15,1229.95
765,2018-10-16,1230.7
766,2018-10-17,1229.05
767,2018-10-18,1223.0
768,2018-10-19,1227.85
769,2018-10-20,1227.85
770,2018-10-21,1222.3
771,2018-10-22,1222.3
772,2018-10-23,1235.95
773,2018-10-24,1230.55
774,2018-10-25,1230.8
775,2018-10-26,1233.85
776,2018-10-27,1233.85
777,2018-10-28,1230.8
778,2018-10-29,1230.8
779,2018-10-30,1225.4
780,2018-10-31,1214.95
781,2018-11-01,1231.15
782,2018-11-02,1232.1
783,2018-11-03,1232.1
784,2018-11-04,1232.25
785,2018-11-05,1232.25
786,2018-11-06,1231.6
787,2018-11-07,1229.95
788,2018-11-08,1224.15
789,2018-11-09,1211.4
790,2018-11-10,1211.4
791,2018-11-11,1205.55
792,2018-11-12,1205.55
793,2018-11-13,1202.1
794,2018-11-14,1203.25
795,2018-11-15,1211.85
796,2018-11-16,1222.4
797,2018-11-17,1222.4
798,2018-11-18,1221.6
799,2018-11-19,1221.6
800,2018-11-20,1223.0
801,2018-11-21,1226.1
802,2018-11-22,1227.05
803,2018-11-23,1223.65
804,2018-11-24,1223.65
805,2018-11-25,1223.4
806,2018-11-26,1223.4
807,2018-11-27,1221.2
808,2018-11-28,1213.25
809,2018-11-29,1226.25
810,2018-11-30,1217.55
811,2018-12-01,1217.55
812,2018-12-02,1230.3
813,2018-12-03,1230.3
814,2018-12-04,1240.3
815,2018-12-05,1235.9
816,2018-12-06,1242.55
817,2018-12-07,1243.3
818,2018-12-08,1243.3
819,2018-12-09,1245.35
820,2018-12-10,1245.35
821,2018-12-11,1245.3
822,2018-12-12,1245.75
823,2018-12-13,1242.75
824,2018-12-14,1235.35
825,2018-12-15,1235.35
826,2018-12-16,1241.65
827,2018-12-17,1241.65
828,2018-12-18,1246.3
829,2018-12-19,1255.0
830,2018-12-20,1259.75
831,2018-12-21,1258.15
832,2018-12-22,1258.15
833,2018-12-23,1258.15
834,2018-12-24,1258.15
835,2018-12-25,1258.15
836,2018-12-26,1268.0
837,2018-12-27,1268.0
838,2018-12-28,1279.0
839,2018-12-29,1279.0
840,2018-12-30,1279.0
841,2018-12-31,1279.0
842,2019-01-01,1279.0
843,2019-01-02,1282.9
844,2019-01-03,1290.45
845,2019-01-04,1279.9
846,2019-01-05,1279.9
847,2019-01-06,1292.2
848,2019-01-07,1292.2
849,2019-01-08,1286.45
850,2019-01-09,1288.6
851,2019-01-10,1291.9
852,2019-01-11,1288.95
853,2019-01-12,1288.95
854,2019-01-13,1292.75
855,2019-01-14,1292.75
856,2019-01-15,1294.4
857,2019-01-16,1292.3
858,2019-01-17,1290.7
859,2019-01-18,1284.2
860,2019-01-19,1284.2
861,2019-01-20,1279.55
862,2019-01-21,1279.55
863,2019-01-22,1282.1
864,2019-01-23,1279.8
865,2019-01-24,1283.7
866,2019-01-25,1293.9
867,2019-01-26,1293.9
868,2019-01-27,1302.15
869,2019-01-28,1302.15
870,2019-01-29,1307.55
871,2019-01-30,1310.7
872,2019-01-31,1323.25
873,2019-02-01,1318.7
874,2019-02-02,1318.7
875,2019-02-03,1312.15
876,2019-02-04,1312.15
877,2019-02-05,1314.2
878,2019-02-06,1312.4
879,2019-02-07,1310.0
880,2019-02-08,1314.85
881,2019-02-09,1314.85
882,2019-02-10,1306.4
883,2019-02-11,1306.4
884,2019-02-12,1310.0
885,2019-02-13,1312.8
886,2019-02-14,1311.45
887,2019-02-15,1316.55
888,2019-02-16,1316.55
889,2019-02-17,1325.5
890,2019-02-18,1325.5
891,2019-02-19,1334.15
892,2019-02-20,1343.75
893,2019-02-21,1331.25
894,2019-02-22,1329.05
895,2019-02-23,1329.05
896,2019-02-24,1331.05
897,2019-02-25,1331.05
898,2019-02-26,1325.05
899,2019-02-27,1322.85
900,2019-02-28,1319.15
901,2019-03-01,1311.95
902,2019-03-02,1311.95
903,2019-03-03,1285.4
904,2019-03-04,1285.4
905,2019-03-05,1283.8
906,2019-03-06,1285.85
907,2019-03-07,1285.3
908,2019-03-08,1296.75
909,2019-03-09,1296.75
910,2019-03-10,1292.75
911,2019-03-11,1292.75
912,2019-03-12,1297.05
913,2019-03-13,1306.95
914,2019-03-14,1295.55
915,2019-03-15,1303.5
916,2019-03-16,1303.5
917,2019-03-17,1305.6
918,2019-03-18,1305.6
919,2019-03-19,1307.7
920,2019-03-20,1303.7
921,2019-03-21,1309.6
922,2019-03-22,1311.3
923,2019-03-23,1311.3
924,2019-03-24,1319.55
925,2019-03-25,1319.55
926,2019-03-26,1316.3
927,2019-03-27,1309.7
928,2019-03-28,1295.15
929,2019-03-29,1295.4
930,2019-03-30,1295.4
931,2019-03-31,1293.5
932,2019-04-01,1293.5
933,2019-04-02,1290.3
934,2019-04-03,1290.45
935,2019-04-04,1283.15
936,2019-04-05,1288.45
937,2019-04-06,1288.45
938,2019-04-07,1300.0
939,2019-04-08,1300.0
940,2019-04-09,1303.0
941,2019-04-10,1305.45
942,2019-04-11,1298.8
943,2019-04-12,1294.3
944,2019-04-13,1294.3
945,2019-04-14,1285.65
946,2019-04-15,1285.65
947,2019-04-16,1276.35
948,2019-04-17,1275.85
949,2019-04-18,1275.7
950,2019-04-19,1275.7
951,2019-04-20,1275.7
952,2019-04-21,1269.5
953,2019-04-22,1269.5
954,2019-04-23,1269.5
955,2019-04-24,1271.65
956,2019-04-25,1280.8
957,2019-04-26,1284.2
958,2019-04-27,1284.2
959,2019-04-28,1279.5
960,2019-04-29,1279.5
961,2019-04-30,1282.3
962,2019-05-01,1283.8
963,2019-05-02,1270.95
964,2019-05-03,1278.55
965,2019-05-04,1278.55
966,2019-05-05,1278.55
967,2019-05-06,1281.2
968,2019-05-07,1281.2
969,2019-05-08,1285.2
970,2019-05-09,1286.1
971,2019-05-10,1287.1
972,2019-05-11,1287.1
973,2019-05-12,1295.6
974,2019-05-13,1295.6
975,2019-05-14,1298.4
976,2019-05-15,1299.1
977,2019-05-16,1291.7
978,2019-05-17,1280.8
979,2019-05-18,1280.8
980,2019-05-19,1276.85
981,2019-05-20,1276.85
982,2019-05-21,1271.15
983,2019-05-22,1273.8
984,2019-05-23,1283.65
985,2019-05-24,1282.5
986,2019-05-25,1282.5
987,2019-05-26,1282.5
988,2019-05-27,1278.3
989,2019-05-28,1278.3
990,2019-05-29,1281.65
991,2019-05-30,1280.95
992,2019-05-31,1295.55
993,2019-06-01,1295.55
994,2019-06-02,1317.1
995,2019-06-03,1317.1
996,2019-06-04,1324.25
997,2019-06-05,1335.05
998,2019-06-06,1335.5
999,2019-06-07,1340.65
1000,2019-06-08,1340.65
1001,2019-06-09,1328.6
1002,2019-06-10,1328.6
1003,2019-06-11,1324.3
1004,2019-06-12,1332.35
1005,2019-06-13,1335.9
1006,2019-06-14,1351.25
1007,2019-06-15,1351.25
1008,2019-06-16,1341.3
1009,2019-06-17,1341.3
1010,2019-06-18,1341.35
1011,2019-06-19,1344.05
1012,2019-06-20,1379.5
1013,2019-06-21,1397.15
1014,2019-06-22,1397.15
1015,2019-06-23,1405.7
1016,2019-06-24,1405.7
1017,2019-06-25,1431.4
1018,2019-06-26,1403.95
1019,2019-06-27,1402.5
1020,2019-06-28,1409.0
1021,2019-06-29,1409.0
1022,2019-06-30,1390.1
1023,2019-07-01,1390.1
1024,2019-07-02,1391.05
1025,2019-07-03,1413.5
1026,2019-07-04,1414.9
1027,2019-07-05,1388.65
1028,2019-07-06,1388.65
1029,2019-07-07,1400.1
1030,2019-07-08,1400.1
1031,2019-07-09,1391.55
1032,2019-07-10,1408.3
1033,2019-07-11,1413.75
1034,2019-07-12,1407.6
1035,2019-07-13,1407.6
1036,2019-07-14,1412.4
1037,2019-07-15,1412.4
1038,2019-07-16,1409.85
1039,2019-07-17,1410.35
1040,2019-07-18,1417.45
1041,2019-07-19,1439.7
1042,2019-07-20,1439.7
1043,2019-07-21,1427.75
1044,2019-07-22,1427.75
1045,2019-07-23,1425.55
1046,2019-07-24,1426.95
1047,2019-07-25,1416.1
1048,2019-07-26,1420.4
1049,2019-07-27,1420.4
1050,2019-07-28,1419.05
1051,2019-07-29,1419.05
1052,2019-07-30,1425.9
1053,2019-07-31,1427.55
1054,2019-08-01,1406.8
1055,2019-08-02,1441.75
1056,2019-08-03,1441.75
1057,2019-08-04,1465.25
1058,2019-08-05,1465.25
1059,2019-08-06,1465.25
1060,2019-08-07,1506.05
1061,2019-08-08,1495.75
1062,2019-08-09,1497.7
1063,2019-08-10,1497.7
1064,2019-08-11,1504.7
1065,2019-08-12,1504.7
1066,2019-08-13,1498.4
1067,2019-08-14,1513.25
1068,2019-08-15,1515.65
1069,2019-08-16,1515.25
1070,2019-08-17,1515.25
1071,2019-08-18,1496.6
1072,2019-08-19,1496.6
1073,2019-08-20,1504.55
1074,2019-08-21,1503.25
1075,2019-08-22,1502.05
1076,2019-08-23,1503.8
1077,2019-08-24,1503.8
1078,2019-08-25,1503.8
1079,2019-08-26,1532.95
1080,2019-08-27,1532.95
1081,2019-08-28,1537.15
1082,2019-08-29,1540.2
1083,2019-08-30,1528.4
1084,2019-08-31,1528.4
1085,2019-09-01,1525.95
1086,2019-09-02,1525.95
1087,2019-09-03,1537.85
1088,2019-09-04,1546.1
1089,2019-09-05,1529.1
1090,2019-09-06,1523.7
1091,2019-09-07,1523.7
1092,2019-09-08,1509.2
1093,2019-09-09,1509.2
1094,2019-09-10,1498.25
1095,2019-09-11,1490.65
1096,2019-09-12,1515.2
1097,2019-09-13,1503.1
1098,2019-09-14,1503.1
1099,2019-09-15,1497.2
1100,2019-09-16,1497.2
1101,2019-09-17,1502.1
1102,2019-09-18,1503.5
1103,2019-09-19,1500.7
1104,2019-09-20,1501.9
1105,2019-09-21,1501.9
1106,2019-09-22,1522.1
1107,2019-09-23,1522.1
1108,2019-09-24,1520.65
1109,2019-09-25,1528.75
1110,2019-09-26,1506.4
1111,2019-09-27,1489.9
1112,2019-09-28,1489.9
1113,2019-09-29,1485.3
1114,2019-09-30,1485.3
1115,2019-10-01,1473.45
1116,2019-10-02,1492.6
1117,2019-10-03,1517.1
1118,2019-10-04,1499.15
1119,2019-10-05,1499.15
1120,2019-10-06,1501.25
1121,2019-10-07,1501.25
1122,2019-10-08,1505.85
1123,2019-10-09,1507.25
1124,2019-10-10,1494.8
1125,2019-10-11,1479.15
1126,2019-10-12,1479.15
1127,2019-10-13,1490.6
1128,2019-10-14,1490.6
1129,2019-10-15,1487.8
1130,2019-10-16,1485.1
1131,2019-10-17,1492.65
1132,2019-10-18,1490.0
1133,2019-10-19,1490.0
1134,2019-10-20,1491.65
1135,2019-10-21,1491.65
1136,2019-10-22,1485.35
1137,2019-10-23,1494.45
1138,2019-10-24,1496.55
1139,2019-10-25,1513.45
1140,2019-10-26,1513.45
1141,2019-10-27,1492.4
1142,2019-10-28,1492.4
1143,2019-10-29,1486.75
1144,2019-10-30,1492.1
1145,2019-10-31,1510.95
1146,2019-11-01,1508.8
1147,2019-11-02,1508.8
1148,2019-11-03,1509.45
1149,2019-11-04,1509.45
1150,2019-11-05,1488.95
1151,2019-11-06,1486.05
1152,2019-11-07,1484.25
1153,2019-11-08,1464.15
1154,2019-11-09,1464.15
1155,2019-11-10,1458.7
1156,2019-11-11,1458.7
1157,2019-11-12,1452.05
1158,2019-11-13,1462.9
1159,2019-11-14,1466.65
1160,2019-11-15,1466.9
1161,2019-11-16,1466.9
1162,2019-11-17,1467.65
1163,2019-11-18,1467.65
1164,2019-11-19,1468.45
1165,2019-11-20,1471.7
1166,2019-11-21,1467.05
1167,2019-11-22,1464.45
1168,2019-11-23,1464.45
1169,2019-11-24,1458.4
1170,2019-11-25,1458.4
1171,2019-11-26,1454.65
1172,2019-11-27,1454.35
1173,2019-11-28,1454.65
1174,2019-11-29,1460.15
1175,2019-11-30,1460.15
1176,2019-12-01,1461.15
1177,2019-12-02,1461.15
1178,2019-12-03,1477.3
1179,2019-12-04,1475.1
1180,2019-12-05,1475.95
1181,2019-12-06,1459.65
1182,2019-12-07,1459.65
1183,2019-12-08,1461.7
1184,2019-12-09,1461.7
1185,2019-12-10,1464.95
1186,2019-12-11,1466.8
1187,2019-12-12,1467.8
1188,2019-12-13,1466.6
1189,2019-12-14,1466.6
1190,2019-12-15,1477.9
1191,2019-12-16,1477.9
1192,2019-12-17,1475.8
1193,2019-12-18,1474.05
1194,2019-12-19,1476.7
1195,2019-12-20,1479.0
1196,2019-12-21,1479.0
1197,2019-12-22,1482.1
1198,2019-12-23,1482.1
1199,2019-12-24,1482.1
1200,2019-12-25,1482.1
1201,2019-12-26,1511.5
1202,2019-12-27,1511.5
1203,2019-12-28,1511.5
1204,2019-12-29,1514.75
1205,2019-12-30,1514.75
1206,2019-12-31,1514.75
1207,2020-01-01,1514.75
1208,2020-01-02,1527.1
1209,2020-01-03,1548.75
1210,2020-01-04,1548.75
1211,2020-01-05,1573.1
1212,2020-01-06,1573.1
1213,2020-01-07,1567.85
1214,2020-01-08,1571.95
1215,2020-01-09,1550.75
1216,2020-01-10,1553.6
1217,2020-01-11,1553.6
1218,2020-01-12,1549.9
1219,2020-01-13,1549.9
1220,2020-01-14,1545.1
1221,2020-01-15,1549.0
1222,2020-01-16,1554.55
1223,2020-01-17,1557.6
1224,2020-01-18,1557.6
1225,2020-01-19,1560.15
1226,2020-01-20,1560.15
1227,2020-01-21,1551.3
1228,2020-01-22,1556.9
1229,2020-01-23,1562.9
1230,2020-01-24,1564.3
1231,2020-01-25,1564.3
1232,2020-01-26,1580.1
1233,2020-01-27,1580.1
1234,2020-01-28,1574.0
1235,2020-01-29,1573.45
1236,2020-01-30,1578.25
1237,2020-01-31,1584.2
1238,2020-02-01,1584.2
1239,2020-02-02,1574.75
1240,2020-02-03,1574.75
1241,2020-02-04,1558.35
1242,2020-02-05,1553.3
1243,2020-02-06,1563.3
1244,2020-02-07,1572.65
1245,2020-02-08,1572.65
1246,2020-02-09,1573.2
1247,2020-02-10,1573.2
1248,2020-02-11,1570.5
1249,2020-02-12,1563.7
1250,2020-02-13,1575.05
1251,2020-02-14,1581.4
1252,2020-02-15,1581.4
1253,2020-02-16,1580.8
1254,2020-02-17,1580.8
1255,2020-02-18,1589.85
1256,2020-02-19,1604.2
1257,2020-02-20,1619.0
1258,2020-02-21,1643.3
1259,2020-02-22,1643.3
1260,2020-02-23,1671.65
1261,2020-02-24,1671.65
1262,2020-02-25,1650.3
1263,2020-02-26,1634.9
1264,2020-02-27,1652.0
1265,2020-02-28,1609.85
1266,2020-02-29,1609.85
1267,2020-03-01,1599.65
1268,2020-03-02,1599.65
1269,2020-03-03,1615.5
1270,2020-03-04,1641.85
1271,2020-03-05,1659.6
1272,2020-03-06,1683.65
1273,2020-03-07,1683.65
1274,2020-03-08,1672.5
1275,2020-03-09,1672.5
1276,2020-03-10,1655.7
1277,2020-03-11,1653.75
1278,2020-03-12,1570.7
1279,2020-03-13,1562.8
1280,2020-03-14,1562.8
1281,2020-03-15,1487.7
1282,2020-03-16,1487.7
1283,2020-03-17,1536.2
1284,2020-03-18,1498.2
1285,2020-03-19,1474.25
1286,2020-03-20,1494.4
1287,2020-03-21,1494.4
1288,2020-03-22,1525.4
1289,2020-03-23,1525.4
1290,2020-03-24,1605.75
1291,2020-03-25,1605.45
1292,2020-03-26,1634.8
1293,2020-03-27,1617.3
1294,2020-03-28,1617.3
1295,2020-03-29,1618.3
1296,2020-03-30,1618.3
1297,2020-03-31,1608.95
1298,2020-04-01,1576.55
1299,2020-04-02,1616.8
1300,2020-04-03,1613.1
1301,2020-04-04,1613.1
1302,2020-04-05,1648.3
1303,2020-04-06,1648.3
1304,2020-04-07,1649.25
1305,2020-04-08,1647.8
1306,2020-04-09,1680.65
1307,2020-04-10,1680.65
1308,2020-04-11,1680.65
1309,2020-04-12,1741.9
1310,2020-04-13,1741.9
1311,2020-04-14,1741.9
1312,2020-04-15,1718.65
1313,2020-04-16,1729.5
1314,2020-04-17,1692.55
1315,2020-04-18,1692.55
1316,2020-04-19,1686.2
1317,2020-04-20,1686.2
1318,2020-04-21,1682.05
1319,2020-04-22,1710.55
1320,2020-04-23,1736.25
1321,2020-04-24,1715.9
1322,2020-04-25,1715.9
1323,2020-04-26,1714.95
1324,2020-04-27,1714.95
1325,2020-04-28,1691.55
1326,2020-04-29,1703.35
1327,2020-04-30,1702.75
1328,2020-05-01,1686.25
1329,2020-05-02,1686.25
1330,2020-05-03,1709.1
1331,2020-05-04,1709.1
1332,2020-05-05,1699.55
1333,2020-05-06,1691.5
1334,2020-05-07,1704.05
1335,2020-05-08,1704.05
1336,2020-05-09,1704.05
1337,2020-05-10,1702.75
1338,2020-05-11,1702.75
1339,2020-05-12,1702.4
1340,2020-05-13,1708.4
1341,2020-05-14,1731.6
1342,2020-05-15,1735.35
1343,2020-05-16,1735.35
1344,2020-05-17,1734.7
1345,2020-05-18,1734.7
1346,2020-05-19,1737.95
1347,2020-05-20,1748.3
1348,2020-05-21,1724.9
1349,2020-05-22,1733.55
1350,2020-05-23,1733.55
1351,2020-05-24,1733.55
1352,2020-05-25,1720.25
1353,2020-05-26,1720.25
1354,2020-05-27,1694.6
1355,2020-05-28,1717.35
1356,2020-05-29,1728.7
1357,2020-05-30,1728.7
1358,2020-05-31,1730.6
1359,2020-06-01,1730.6
1360,2020-06-02,1742.15
1361,2020-06-03,1705.35
1362,2020-06-04,1700.05
1363,2020-06-05,1683.45
1364,2020-06-06,1683.45
1365,2020-06-07,1690.35
1366,2020-06-08,1690.35
1367,2020-06-09,1713.5
1368,2020-06-10,1722.05
1369,2020-06-11,1738.25
1370,2020-06-12,1733.5
1371,2020-06-13,1733.5
1372,2020-06-14,1710.45
1373,2020-06-15,1710.45
1374,2020-06-16,1719.85
1375,2020-06-17,1724.35
1376,2020-06-18,1719.5
1377,2020-06-19,1734.75
1378,2020-06-20,1734.75
1379,2020-06-21,1761.85
1380,2020-06-22,1761.85
1381,2020-06-23,1768.9
1382,2020-06-24,1766.05
1383,2020-06-25,1756.55
1384,2020-06-26,1747.6
1385,2020-06-27,1747.6
1386,2020-06-28,1771.6
1387,2020-06-29,1771.6
1388,2020-06-30,1768.1
1389,2020-07-01,1771.05
1390,2020-07-02,1777.45
1391,2020-07-03,1772.9
1392,2020-07-04,1772.9
1393,2020-07-05,1787.9
1394,2020-07-06,1787.9
1395,2020-07-07,1789.55
1396,2020-07-08,1811.1
1397,2020-07-09,1812.1
1398,2020-07-10,1803.1
1399,2020-07-11,1803.1
1400,2020-07-12,1807.5
1401,2020-07-13,1807.5
1402,2020-07-14,1801.9
1403,2020-07-15,1804.6
1404,2020-07-16,1807.7
1405,2020-07-17,1807.35
1406,2020-07-18,1807.35
1407,2020-07-19,1815.65
1408,2020-07-20,1815.65
1409,2020-07-21,1842.55
1410,2020-07-22,1852.4
1411,2020-07-23,1878.3
1412,2020-07-24,1902.1
1413,2020-07-25,1902.1
1414,2020-07-26,1936.65
1415,2020-07-27,1936.65
1416,2020-07-28,1940.9
1417,2020-07-29,1950.9
1418,2020-07-30,1957.65
1419,2020-07-31,1964.9
1420,2020-08-01,1964.9
1421,2020-08-02,1958.55
1422,2020-08-03,1958.55
1423,2020-08-04,1977.9
1424,2020-08-05,2048.15
1425,2020-08-06,2067.15
1426,2020-08-07,2031.15
1427,2020-08-08,2031.15
1428,2020-08-09,2044.5
1429,2020-08-10,2044.5
1430,2020-08-11,1939.65
1431,2020-08-12,1931.9
1432,2020-08-13,1944.25
1433,2020-08-14,1944.75
1434,2020-08-15,1944.75
1435,2020-08-16,1972.85
1436,2020-08-17,1972.85
1437,2020-08-18,2008.75
1438,2020-08-19,1981.0
1439,2020-08-20,1927.15
1440,2020-08-21,1924.35
1441,2020-08-22,1924.35
1442,2020-08-23,1943.95
1443,2020-08-24,1943.95
1444,2020-08-25,1911.15
1445,2020-08-26,1932.95
1446,2020-08-27,1923.85
1447,2020-08-28,1957.35
1448,2020-08-29,1957.35
1449,2020-08-30,1957.35
1450,2020-08-31,1972.35
1451,2020-09-01,1972.35
1452,2020-09-02,1947.05
1453,2020-09-03,1940.45
1454,2020-09-04,1926.3
1455,2020-09-05,1926.3
1456,2020-09-06,1928.45
1457,2020-09-07,1928.45
1458,2020-09-08,1910.95
1459,2020-09-09,1947.2
1460,2020-09-10,1966.25
1461,2020-09-11,1947.4
1462,2020-09-12,1947.4
1463,2020-09-13,1958.7
1464,2020-09-14,1958.7
1465,2020-09-15,1949.35
1466,2020-09-16,1961.8
1467,2020-09-17,1936.25
1468,2020-09-18,1950.85
1469,2020-09-19,1950.85
1470,2020-09-20,1909.35
1471,2020-09-21,1909.35
1472,2020-09-22,1906.0
1473,2020-09-23,1873.4
1474,2020-09-24,1861.75
1475,2020-09-25,1859.7
1476,2020-09-26,1859.7
1477,2020-09-27,1864.3
1478,2020-09-28,1864.3
1479,2020-09-29,1883.95
1480,2020-09-30,1886.9
1481,2020-10-01,1902.0
1482,2020-10-02,1903.05
1483,2020-10-03,1903.05
1484,2020-10-04,1909.6
1485,2020-10-05,1909.6
1486,2020-10-06,1913.4
1487,2020-10-07,1884.5
1488,2020-10-08,1887.45
1489,2020-10-09,1923.25
1490,2020-10-10,1923.25
1491,2020-10-11,1925.5
1492,2020-10-12,1925.5
1493,2020-10-13,1891.3
1494,2020-10-14,1910.05
1495,2020-10-15,1891.9
1496,2020-10-16,1905.05
1497,2020-10-17,1905.05
1498,2020-10-18,1905.6
1499,2020-10-19,1905.6
1500,2020-10-20,1898.4
1501,2020-10-21,1924.15
1502,2020-10-22,1900.95
1503,2020-10-23,1903.65
1504,2020-10-24,1903.65
1505,2020-10-25,1898.45
1506,2020-10-26,1898.45
1507,2020-10-27,1905.7
1508,2020-10-28,1869.95
1509,2020-10-29,1870.3
1510,2020-10-30,1881.85
1511,2020-10-31,1881.85
1512,2020-11-01,1889.9
1513,2020-11-02,1889.9
1514,2020-11-03,1908.3
1515,2020-11-04,1900.15
1516,2020-11-05,1938.45
1517,2020-11-06,1940.8
1518,2020-11-07,1940.8
1519,2020-11-08,1867.3
1520,2020-11-09,1867.3
1521,2020-11-10,1878.7
1522,2020-11-11,1860.95
1523,2020-11-12,1874.85
1524,2020-11-13,1890.9
1525,2020-11-14,1890.9
1526,2020-11-15,1885.6
1527,2020-11-16,1885.6
1528,2020-11-17,1889.05
1529,2020-11-18,1876.1
1530,2020-11-19,1857.35
1531,2020-11-20,1875.7
1532,2020-11-21,1875.7
1533,2020-11-22,1840.2
1534,2020-11-23,1840.2
1535,2020-11-24,1799.6
1536,2020-11-25,1810.2
1537,2020-11-26,1807.4
1538,2020-11-27,1779.3
1539,2020-11-28,1779.3
1540,2020-11-29,1762.55
1541,2020-11-30,1762.55
1542,2020-12-01,1810.75
1543,2020-12-02,1822.6
1544,2020-12-03,1832.35
1545,2020-12-04,1843.0
1546,2020-12-05,1843.0
1547,2020-12-06,1859.95
1548,2020-12-07,1859.95
1549,2020-12-08,1868.15
1550,2020-12-09,1841.75
1551,2020-12-10,1844.35
1552,2020-12-11,1842.0
1553,2020-12-12,1842.0
1554,2020-12-13,1831.15
1555,2020-12-14,1831.15
1556,2020-12-15,1850.65
1557,2020-12-16,1851.95
1558,2020-12-17,1890.75
1559,2020-12-18,1879.75
1560,2020-12-19,1879.75
1561,2020-12-20,1880.0
1562,2020-12-21,1880.0
1563,2020-12-22,1877.1
1564,2020-12-23,1875.0
1565,2020-12-24,1875.0
1566,2020-12-25,1875.0
1567,2020-12-26,1875.0
1568,2020-12-27,1874.3
1569,2020-12-28,1874.3
1570,2020-12-29,1874.3
1571,2020-12-30,1887.6
1572,2020-12-31,1887.6
1573,2021-01-01,1887.6
1574,2021-01-02,1887.6
1575,2021-01-03,1943.2
1576,2021-01-04,1943.2
1577,2021-01-05,1940.35
1578,2021-01-06,1931.95
1579,2021-01-07,1920.1
1580,2021-01-08,1862.9
1581,2021-01-09,1862.9
1582,2021-01-10,1847.25
1583,2021-01-11,1847.25
1584,2021-01-12,1841.25
1585,2021-01-13,1858.85
1586,2021-01-14,1841.75
1587,2021-01-15,1839.0
1588,2021-01-16,1839.0
1589,2021-01-17,1833.05
1590,2021-01-18,1833.05
1591,2021-01-19,1834.7
1592,2021-01-20,1856.6
1593,2021-01-21,1862.1
1594,2021-01-22,1852.7
1595,2021-01-23,1852.7
1596,2021-01-24,1856.85
1597,2021-01-25,1856.85
1598,2021-01-26,1856.6
1599,2021-01-27,1843.0
1600,2021-01-28,1853.7
1601,2021-01-29,1863.8
1602,2021-01-30,1863.8
1603,2021-01-31,1862.95
1604,2021-02-01,1862.95
1605,2021-02-02,1833.1
1606,2021-02-03,1835.45
1607,2021-02-04,1785.9
1608,2021-02-05,1802.95
1609,2021-02-06,1802.95
1610,2021-02-07,1835.25
1611,2021-02-08,1835.25
1612,2021-02-09,1839.6
1613,2021-02-10,1842.65
1614,2021-02-11,1840.1
1615,2021-02-12,1816.35
1616,2021-02-13,1816.35
1617,2021-02-14,1817.3
1618,2021-02-15,1817.3
1619,2021-02-16,1794.25
1620,2021-02-17,1780.7
1621,2021-02-18,1773.15
1622,2021-02-19,1786.2
1623,2021-02-20,1786.2
1624,2021-02-21,1807.45
1625,2021-02-22,1807.45
1626,2021-02-23,1799.65
1627,2021-02-24,1788.0
1628,2021-02-25,1779.65
1629,2021-02-26,1742.85
1630,2021-02-27,1742.85
1631,2021-02-28,1734.15
1632,2021-03-01,1734.15
1633,2021-03-02,1723.85
1634,2021-03-03,1711.4
1635,2021-03-04,1712.1
1636,2021-03-05,1696.25
1637,2021-03-06,1696.25
1638,2021-03-07,1687.05
1639,2021-03-08,1687.05
1640,2021-03-09,1716.9
1641,2021-03-10,1716.2
1642,2021-03-11,1724.25
1643,2021-03-12,1704.8
1644,2021-03-13,1704.8
1645,2021-03-14,1723.65
1646,2021-03-15,1723.65
1647,2021-03-16,1735.0
1648,2021-03-17,1729.65
1649,2021-03-18,1725.9
1650,2021-03-19,1735.2
1651,2021-03-20,1735.2
1652,2021-03-21,1736.15
1653,2021-03-22,1736.15
1654,2021-03-23,1726.2
1655,2021-03-24,1730.5
1656,2021-03-25,1737.3
1657,2021-03-26,1731.8
1658,2021-03-27,1731.8
1659,2021-03-28,1705.95
1660,2021-03-29,1705.95
1661,2021-03-30,1683.95
1662,2021-03-31,1691.05
1663,2021-04-01,1726.05
1664,2021-04-02,1726.05
1665,2021-04-03,1726.05
1666,2021-04-04,1744.65
1667,2021-04-05,1744.65
1668,2021-04-06,1744.65
1669,2021-04-07,1738.05
1670,2021-04-08,1755.5
1671,2021-04-09,1741.2
1672,2021-04-10,1741.2
1673,2021-04-11,1732.85
1674,2021-04-12,1732.85
1675,2021-04-13,1747.95
1676,2021-04-14,1735.55
1677,2021-04-15,1757.2
1678,2021-04-16,1774.45
1679,2021-04-17,1774.45
1680,2021-04-18,1774.5
1681,2021-04-19,1774.5
1682,2021-04-20,1777.85
1683,2021-04-21,1798.2
1684,2021-04-22,1787.75
1685,2021-04-23,1781.8
1686,2021-04-24,1781.8
1687,2021-04-25,1773.35
1688,2021-04-26,1773.35
1689,2021-04-27,1784.15
1690,2021-04-28,1772.2
1691,2021-04-29,1762.65
1692,2021-04-30,1767.65
1693,2021-05-01,1767.65
1694,2021-05-02,1767.65
1695,2021-05-03,1797.75
1696,2021-05-04,1797.75
1697,2021-05-05,1782.25
1698,2021-05-06,1813.15
1699,2021-05-07,1836.55
1700,2021-05-08,1836.55
1701,2021-05-09,1840.45
1702,2021-05-10,1840.45
1703,2021-05-11,1829.1
1704,2021-05-12,1830.7
1705,2021-05-13,1821.8
1706,2021-05-14,1838.1
1707,2021-05-15,1838.1
1708,2021-05-16,1853.7
1709,2021-05-17,1853.7
1710,2021-05-18,1866.75
1711,2021-05-19,1888.45
1712,2021-05-20,1878.3
1713,2021-05-21,1875.9
1714,2021-05-22,1875.9
1715,2021-05-23,1880.15
1716,2021-05-24,1880.15
1717,2021-05-25,1887.0
1718,2021-05-26,1899.75
1719,2021-05-27,1891.45
1720,2021-05-28,1899.95
1721,2021-05-29,1899.95
1722,2021-05-30,1899.95
1723,2021-05-31,1899.35
1724,2021-06-01,1899.35
1725,2021-06-02,1902.75
1726,2021-06-03,1866.55
1727,2021-06-04,1890.6
1728,2021-06-05,1890.6
1729,2021-06-06,1888.4
1730,2021-06-07,1888.4
1731,2021-06-08,1893.15
1732,2021-06-09,1894.6
1733,2021-06-10,1888.65
1734,2021-06-11,1881.05
1735,2021-06-12,1881.05
1736,2021-06-13,1865.6
1737,2021-06-14,1865.6
1738,2021-06-15,1865.1
1739,2021-06-16,1860.75
1740,2021-06-17,1778.7
1741,2021-06-18,1773.1
1742,2021-06-19,1773.1
1743,2021-06-20,1775.05
1744,2021-06-21,1775.05
1745,2021-06-22,1775.05
1746,2021-06-23,1791.6
1747,2021-06-24,1784.85
1748,2021-06-25,1786.65
1749,2021-06-26,1786.65
1750,2021-06-27,1780.3
1751,2021-06-28,1780.3
1752,2021-06-29,1755.45
1753,2021-06-30,1763.15
1754,2021-07-01,1781.5
1755,2021-07-02,1786.15
1756,2021-07-03,1786.15
1757,2021-07-04,1791.35
1758,2021-07-05,1791.35
1759,2021-07-06,1809.85
1760,2021-07-07,1804.65
1761,2021-07-08,1807.7
1762,2021-07-09,1806.0
1763,2021-07-10,1806.0
1764,2021-07-11,1792.4
1765,2021-07-12,1792.4
1766,2021-07-13,1813.85
1767,2021-07-14,1823.2
1768,2021-07-15,1823.75
1769,2021-07-16,1824.3
1770,2021-07-17,1824.3
1771,2021-07-18,1814.9
1772,2021-07-19,1814.9
1773,2021-07-20,1823.05
1774,2021-07-21,1802.15
1775,2021-07-22,1799.45
1776,2021-07-23,1799.6
1777,2021-07-24,1799.6
1778,2021-07-25,1800.2
1779,2021-07-26,1800.2
1780,2021-07-27,1800.35
1781,2021-07-28,1796.6
1782,2021-07-29,1829.3
1783,2021-07-30,1825.75
1784,2021-07-31,1825.75
1785,2021-08-01,1811.45
1786,2021-08-02,1811.45
1787,2021-08-03,1812.65
1788,2021-08-04,1829.1
1789,2021-08-05,1800.75
1790,2021-08-06,1762.9
1791,2021-08-07,1762.9
1792,2021-08-08,1738.85
1793,2021-08-09,1738.85
1794,2021-08-10,1723.35
1795,2021-08-11,1743.6
1796,2021-08-12,1747.4
1797,2021-08-13,1773.85
1798,2021-08-14,1773.85
1799,2021-08-15,1786.35
1800,2021-08-16,1786.35
1801,2021-08-17,1789.45
1802,2021-08-18,1783.45
1803,2021-08-19,1782.05
1804,2021-08-20,1779.05
1805,2021-08-21,1779.05
1806,2021-08-22,1802.0
1807,2021-08-23,1802.0
1808,2021-08-24,1808.45
1809,2021-08-25,1788.7
1810,2021-08-26,1786.6
1811,2021-08-27,1798.5
1812,2021-08-28,1798.5
1813,2021-08-29,1798.5
1814,2021-08-30,1814.85
1815,2021-08-31,1814.85
1816,2021-09-01,1811.8
1817,2021-09-02,1812.55
1818,2021-09-03,1823.7
1819,2021-09-04,1823.7
1820,2021-09-05,1821.6
1821,2021-09-06,1821.6
1822,2021-09-07,1802.15
1823,2021-09-08,1786.0
1824,2021-09-09,1788.25
1825,2021-09-10,1794.6
